date,season,yr,mnth,hr,holiday,weekday,workingday,weathersit,temp,atemp,hum,windspeed,cnt,anomaly
2011-01-07,1,0,1,17,0,5,1,2,0.2,0.2576,0.37,0.0,187,-1
2011-01-08,1,0,1,14,0,6,0,1,0.2,0.1667,0.32,0.4925,95,-1
2011-01-08,1,0,1,15,0,6,0,1,0.2,0.1667,0.32,0.4478,74,-1
2011-01-08,1,0,1,16,0,6,0,1,0.18,0.1364,0.29,0.4478,76,-1
2011-01-08,1,0,1,17,0,6,0,1,0.16,0.1212,0.37,0.5522,69,-1
2011-01-08,1,0,1,23,0,6,0,1,0.1,0.0606,0.39,0.4478,22,-1
2011-01-09,1,0,1,1,0,0,0,1,0.1,0.0606,0.42,0.4627,12,-1
2011-01-09,1,0,1,2,0,0,0,1,0.1,0.0606,0.46,0.4627,11,-1
2011-01-09,1,0,1,3,0,0,0,1,0.1,0.0758,0.46,0.4179,4,-1
2011-01-09,1,0,1,9,0,0,0,1,0.12,0.0758,0.46,0.5224,19,-1
2011-01-09,1,0,1,11,0,0,0,1,0.16,0.1212,0.4,0.5224,49,-1
2011-01-11,1,0,1,19,0,2,1,3,0.16,0.2273,0.93,0.0,51,-1
2011-01-12,1,0,1,12,0,3,1,1,0.2,0.1515,0.47,0.5821,55,-1
2011-01-12,1,0,1,18,0,3,1,1,0.2,0.1515,0.47,0.5224,137,-1
2011-01-21,1,0,1,12,0,5,1,1,0.22,0.1818,0.27,0.5821,78,-1
2011-01-21,1,0,1,13,0,5,1,1,0.2,0.1515,0.21,0.5821,73,-1
2011-01-21,1,0,1,14,0,5,1,1,0.2,0.1515,0.25,0.5224,62,-1
2011-01-21,1,0,1,15,0,5,1,1,0.16,0.1212,0.26,0.4478,65,-1
2011-01-21,1,0,1,16,0,5,1,1,0.16,0.1364,0.26,0.3582,97,-1
2011-01-21,1,0,1,17,0,5,1,1,0.14,0.1212,0.28,0.3582,161,-1
2011-01-21,1,0,1,19,0,5,1,1,0.12,0.1061,0.3,0.3284,96,-1
2011-01-21,1,0,1,20,0,5,1,1,0.1,0.0758,0.33,0.4179,53,-1
2011-01-21,1,0,1,22,0,5,1,1,0.06,0.0303,0.41,0.3881,34,-1
2011-01-22,1,0,1,1,0,6,0,2,0.04,0.0,0.41,0.3881,12,-1
2011-01-22,1,0,1,13,0,6,0,1,0.08,0.1667,0.35,0.0,84,-1
2011-01-22,1,0,1,15,0,6,0,1,0.12,0.1515,0.28,0.0,103,-1
2011-01-22,1,0,1,17,0,6,0,1,0.12,0.197,0.28,0.0,67,-1
2011-01-22,1,0,1,22,0,6,0,1,0.06,0.1515,0.49,0.0,30,-1
2011-01-23,1,0,1,12,0,0,0,1,0.16,0.1212,0.37,0.4627,116,-1
2011-01-23,1,0,1,17,0,0,0,1,0.14,0.1061,0.26,0.3881,55,-1
2011-01-24,1,0,1,7,0,1,1,1,0.02,0.1212,0.48,0.0,84,-1
2011-01-24,1,0,1,8,0,1,1,1,0.04,0.1364,0.49,0.0,177,-1
2011-01-24,1,0,1,9,0,1,1,1,0.06,0.1515,0.41,0.0,102,-1
2011-01-24,1,0,1,10,0,1,1,1,0.1,0.1364,0.42,0.0,40,-1
2011-01-26,1,0,1,15,0,3,1,3,0.22,0.1818,0.93,0.4627,43,-1
2011-01-30,1,0,1,3,0,0,0,1,0.14,0.2121,0.93,0.0,8,-1
2011-01-30,1,0,1,4,0,0,0,1,0.14,0.2121,0.93,0.0,1,-1
2011-02-01,1,0,2,5,0,2,1,3,0.14,0.2121,0.93,0.0,3,-1
2011-02-01,1,0,2,6,0,2,1,3,0.14,0.2121,0.93,0.0,22,-1
2011-02-01,1,0,2,7,0,2,1,3,0.16,0.2273,0.93,0.0,52,-1
2011-02-01,1,0,2,8,0,2,1,3,0.16,0.2273,0.93,0.0,135,-1
2011-02-01,1,0,2,9,0,2,1,2,0.16,0.2273,0.93,0.0,116,-1
2011-02-01,1,0,2,10,0,2,1,2,0.16,0.2273,0.93,0.0,47,-1
2011-02-02,1,0,2,10,0,3,1,2,0.22,0.2727,1.0,0.0,61,-1
2011-02-02,1,0,2,18,0,3,1,1,0.34,0.2879,0.42,0.5522,182,-1
2011-02-02,1,0,2,20,0,3,1,1,0.24,0.197,0.48,0.5522,75,-1
2011-02-03,1,0,2,1,0,4,1,1,0.2,0.1515,0.44,0.5224,5,-1
2011-02-05,1,0,2,6,0,6,0,3,0.2,0.2576,1.0,0.0,4,-1
2011-02-05,1,0,2,14,0,6,0,3,0.22,0.2727,1.0,0.0,55,-1
2011-02-05,1,0,2,15,0,6,0,3,0.22,0.2727,1.0,0.0,60,-1
2011-02-05,1,0,2,17,0,6,0,2,0.24,0.2121,1.0,0.2836,78,-1
2011-02-05,1,0,2,18,0,6,0,2,0.28,0.2424,0.93,0.4478,83,-1
2011-02-05,1,0,2,19,0,6,0,2,0.28,0.2424,0.93,0.4478,84,-1
2011-02-07,1,0,2,8,0,1,1,2,0.16,0.2273,1.0,0.0,230,-1
2011-02-08,1,0,2,8,0,2,1,1,0.24,0.197,0.56,0.4925,243,-1
2011-02-08,1,0,2,10,0,2,1,1,0.22,0.1818,0.47,0.5522,48,-1
2011-02-08,1,0,2,16,0,2,1,1,0.22,0.1818,0.35,0.5224,83,-1
2011-02-08,1,0,2,17,0,2,1,1,0.22,0.1818,0.32,0.5821,176,-1
2011-02-08,1,0,2,19,0,2,1,1,0.16,0.1212,0.4,0.4627,101,-1
2011-02-08,1,0,2,21,0,2,1,1,0.14,0.1061,0.33,0.4627,54,-1
2011-02-09,1,0,2,6,0,3,1,1,0.06,0.1515,0.45,0.0,43,-1
2011-02-09,1,0,2,8,0,3,1,1,0.1,0.1364,0.42,0.0,199,-1
2011-02-09,1,0,2,10,0,3,1,1,0.14,0.1818,0.36,0.0,59,-1
2011-02-10,1,0,2,7,0,4,1,1,0.1,0.0758,0.5,0.4179,99,-1
2011-02-10,1,0,2,21,0,4,1,1,0.14,0.2121,0.39,0.0,72,-1
2011-02-10,1,0,2,22,0,4,1,1,0.12,0.197,0.39,0.0,51,-1
2011-02-11,1,0,2,17,0,5,1,1,0.3,0.3333,0.24,0.0,211,-1
2011-02-12,1,0,2,17,0,6,0,1,0.32,0.2879,0.31,0.5224,137,-1
2011-02-14,1,0,2,12,0,1,1,1,0.56,0.5303,0.22,0.4478,126,-1
2011-02-14,1,0,2,13,0,1,1,1,0.58,0.5455,0.19,0.3881,120,-1
2011-02-14,1,0,2,14,0,1,1,1,0.6,0.5909,0.15,0.4925,90,-1
2011-02-14,1,0,2,15,0,1,1,1,0.56,0.5303,0.21,0.6567,90,-1
2011-02-14,1,0,2,17,0,1,1,1,0.46,0.4545,0.33,0.6119,243,-1
2011-02-14,1,0,2,18,0,1,1,1,0.4,0.4091,0.4,0.6119,205,-1
2011-02-14,1,0,2,22,0,1,1,1,0.34,0.2879,0.46,0.6567,45,-1
2011-02-15,1,0,2,1,0,2,1,1,0.3,0.2424,0.42,0.7761,5,-1
2011-02-15,1,0,2,2,0,2,1,1,0.28,0.2273,0.41,0.6866,3,-1
2011-02-15,1,0,2,4,0,2,1,1,0.22,0.1818,0.37,0.5224,1,-1
2011-02-15,1,0,2,5,0,2,1,1,0.22,0.1818,0.32,0.4627,4,-1
2011-02-18,1,0,2,19,0,5,1,1,0.62,0.6212,0.29,0.5821,162,-1
2011-02-18,1,0,2,21,0,5,1,1,0.58,0.5455,0.21,0.4925,72,-1
2011-02-19,1,0,2,0,0,6,0,1,0.48,0.4697,0.12,0.4925,29,-1
2011-02-19,1,0,2,1,0,6,0,1,0.46,0.4545,0.14,0.4179,31,-1
2011-02-19,1,0,2,2,0,6,0,1,0.44,0.4394,0.13,0.3881,17,-1
2011-02-19,1,0,2,4,0,6,0,1,0.4,0.4091,0.15,0.3284,3,-1
2011-02-19,1,0,2,5,0,6,0,1,0.4,0.4091,0.15,0.3284,3,-1
2011-02-19,1,0,2,6,0,6,0,1,0.4,0.4091,0.17,0.4179,6,-1
2011-02-19,1,0,2,7,0,6,0,1,0.38,0.3939,0.17,0.5224,22,-1
2011-02-19,1,0,2,8,0,6,0,1,0.38,0.3939,0.17,0.5821,45,-1
2011-02-19,1,0,2,9,0,6,0,1,0.4,0.4091,0.16,0.6567,55,-1
2011-02-19,1,0,2,10,0,6,0,1,0.42,0.4242,0.16,0.5821,106,-1
2011-02-19,1,0,2,11,0,6,0,1,0.44,0.4394,0.16,0.5821,123,-1
2011-02-19,1,0,2,12,0,6,0,1,0.44,0.4394,0.18,0.4925,119,-1
2011-02-19,1,0,2,13,0,6,0,1,0.44,0.4394,0.16,0.6119,155,-1
2011-02-19,1,0,2,14,0,6,0,1,0.46,0.4545,0.15,0.6567,196,-1
2011-02-19,1,0,2,15,0,6,0,1,0.44,0.4394,0.16,0.7463,171,-1
2011-02-19,1,0,2,16,0,6,0,1,0.44,0.4394,0.16,0.6418,120,-1
2011-02-19,1,0,2,17,0,6,0,1,0.42,0.4242,0.19,0.6119,127,-1
2011-02-19,1,0,2,20,0,6,0,1,0.32,0.2879,0.28,0.5224,47,-1
2011-02-19,1,0,2,21,0,6,0,1,0.32,0.2727,0.26,0.5522,33,-1
2011-02-20,1,0,2,2,0,0,0,1,0.24,0.197,0.41,0.5522,17,-1
2011-02-20,1,0,2,3,0,0,0,1,0.22,0.1818,0.44,0.5522,18,-1
2011-02-20,1,0,2,4,0,0,0,1,0.22,0.1818,0.44,0.5522,1,-1
2011-02-25,1,0,2,2,0,5,1,2,0.32,0.3485,1.0,0.0,3,-1
2011-02-25,1,0,2,14,0,5,1,3,0.56,0.5303,0.56,0.6119,85,-1
2011-02-25,1,0,2,15,0,5,1,1,0.46,0.4545,0.41,0.806,55,-1
2011-02-25,1,0,2,17,0,5,1,1,0.32,0.2727,0.49,0.7463,189,-1
2011-02-25,1,0,2,20,0,5,1,1,0.3,0.2576,0.49,0.6119,62,-1
2011-02-28,1,0,2,19,0,1,1,3,0.44,0.4394,0.88,0.6119,80,-1
2011-02-28,1,0,2,20,0,1,1,3,0.44,0.4394,0.88,0.6119,45,-1
2011-03-02,2,0,3,15,0,3,1,1,0.54,0.5152,0.19,0.4179,110,-1
2011-03-02,2,0,3,18,0,3,1,1,0.46,0.4545,0.23,0.4925,201,-1
2011-03-02,2,0,3,22,0,3,1,1,0.3,0.2576,0.26,0.5522,48,-1
2011-03-02,2,0,3,23,0,3,1,1,0.26,0.2121,0.3,0.5224,22,-1
2011-03-03,2,0,3,0,0,4,1,1,0.24,0.197,0.3,0.4627,13,-1
2011-03-03,2,0,3,1,0,4,1,1,0.24,0.197,0.3,0.4627,1,-1
2011-03-03,2,0,3,2,0,4,1,1,0.2,0.1667,0.27,0.4627,3,-1
2011-03-03,2,0,3,3,0,4,1,1,0.2,0.1667,0.27,0.4627,1,-1
2011-03-03,2,0,3,4,0,4,1,1,0.16,0.1212,0.31,0.4925,1,-1
2011-03-03,2,0,3,7,0,4,1,1,0.12,0.0909,0.42,0.4179,111,-1
2011-03-03,2,0,3,15,0,4,1,1,0.24,0.2879,0.23,0.0,68,-1
2011-03-03,2,0,3,16,0,4,1,1,0.26,0.303,0.23,0.0,71,-1
2011-03-03,2,0,3,17,0,4,1,1,0.26,0.303,0.22,0.0,202,-1
2011-03-06,2,0,3,7,0,0,0,3,0.42,0.4242,1.0,0.4478,5,-1
2011-03-06,2,0,3,18,0,0,0,3,0.32,0.2879,1.0,0.3582,23,-1
2011-03-06,2,0,3,19,0,0,0,3,0.3,0.2576,1.0,0.4925,11,-1
2011-03-06,2,0,3,20,0,0,0,3,0.28,0.2424,1.0,0.4179,11,-1
2011-03-06,2,0,3,21,0,0,0,3,0.24,0.1818,0.93,0.6119,7,-1
2011-03-06,2,0,3,22,0,0,0,2,0.22,0.197,1.0,0.3881,10,-1
2011-03-06,2,0,3,23,0,0,0,2,0.22,0.197,1.0,0.4179,9,-1
2011-03-07,2,0,3,0,0,1,1,3,0.2,0.1818,1.0,0.3284,4,-1
2011-03-07,2,0,3,1,0,1,1,3,0.2,0.1818,1.0,0.3284,2,-1
2011-03-07,2,0,3,3,0,1,1,1,0.2,0.1515,0.8,0.5821,1,-1
2011-03-07,2,0,3,4,0,1,1,1,0.2,0.1515,0.8,0.5224,1,-1
2011-03-08,2,0,3,12,0,2,1,2,0.36,0.3788,0.23,0.0,99,-1
2011-03-08,2,0,3,14,0,2,1,2,0.38,0.3939,0.2,0.0,72,-1
2011-03-08,2,0,3,15,0,2,1,2,0.36,0.3788,0.18,0.0,112,-1
2011-03-10,2,0,3,0,0,4,1,3,0.34,0.3182,0.0,0.2537,3,-1
2011-03-10,2,0,3,1,0,4,1,3,0.34,0.3182,0.0,0.2537,2,-1
2011-03-10,2,0,3,2,0,4,1,3,0.34,0.3182,0.0,0.2537,1,-1
2011-03-10,2,0,3,5,0,4,1,3,0.36,0.3485,0.0,0.194,3,-1
2011-03-10,2,0,3,6,0,4,1,3,0.36,0.3333,0.0,0.3284,12,-1
2011-03-10,2,0,3,11,0,4,1,3,0.4,0.4091,0.0,0.2537,11,-1
2011-03-10,2,0,3,14,0,4,1,3,0.44,0.4394,0.0,0.2985,12,-1
2011-03-10,2,0,3,17,0,4,1,2,0.44,0.4394,0.0,0.3881,111,-1
2011-03-10,2,0,3,18,0,4,1,3,0.44,0.4394,0.0,0.3582,82,-1
2011-03-10,2,0,3,19,0,4,1,3,0.44,0.4394,0.0,0.5821,56,-1
2011-03-10,2,0,3,20,0,4,1,3,0.36,0.3333,0.0,0.3284,38,-1
2011-03-23,2,0,3,20,0,3,1,3,0.36,0.303,0.87,0.6418,75,-1
2011-03-23,2,0,3,21,0,3,1,3,0.32,0.2879,1.0,0.4179,22,-1
2011-03-24,2,0,3,8,0,4,1,3,0.26,0.2273,1.0,0.2985,124,-1
2011-03-28,2,0,3,12,0,1,1,2,0.26,0.2727,0.25,0.0,79,-1
2011-03-31,2,0,3,8,0,4,1,2,0.24,0.2273,1.0,0.2537,192,-1
2011-04-04,2,0,4,14,0,1,1,2,0.74,0.6515,0.27,0.4925,123,-1
2011-04-04,2,0,4,15,0,1,1,1,0.76,0.6667,0.23,0.5522,143,-1
2011-04-04,2,0,4,16,0,1,1,1,0.76,0.6515,0.22,0.5224,189,-1
2011-04-04,2,0,4,17,0,1,1,1,0.74,0.6515,0.23,0.6119,366,-1
2011-04-04,2,0,4,18,0,1,1,2,0.72,0.6364,0.23,0.4925,386,-1
2011-04-04,2,0,4,19,0,1,1,1,0.7,0.6364,0.24,0.4627,278,-1
2011-04-04,2,0,4,20,0,1,1,2,0.7,0.6364,0.24,0.5522,173,-1
2011-04-04,2,0,4,21,0,1,1,2,0.7,0.6364,0.3,0.4478,95,-1
2011-04-05,2,0,4,4,0,2,1,3,0.5,0.4848,0.88,0.4925,2,-1
2011-04-05,2,0,4,8,0,2,1,3,0.38,0.3939,0.87,0.5821,157,-1
2011-04-11,2,0,4,17,0,1,1,1,0.74,0.6667,0.48,0.5224,452,-1
2011-04-12,2,0,4,9,0,2,1,3,0.46,0.4545,0.94,0.4925,54,-1
2011-04-12,2,0,4,15,0,2,1,2,0.48,0.4697,0.77,0.5224,78,-1
2011-04-14,2,0,4,17,0,4,1,1,0.6,0.6061,0.28,0.0,388,-1
2011-04-16,2,0,4,12,0,6,0,2,0.46,0.4545,0.88,0.5821,32,-1
2011-04-16,2,0,4,13,0,6,0,3,0.46,0.4545,0.94,0.5224,58,-1
2011-04-16,2,0,4,14,0,6,0,3,0.52,0.5,0.83,0.5821,63,-1
2011-04-16,2,0,4,15,0,6,0,3,0.52,0.5,0.83,0.5821,78,-1
2011-04-16,2,0,4,17,0,6,0,3,0.5,0.4848,0.88,0.5821,15,-1
2011-04-17,2,0,4,15,0,0,0,1,0.54,0.5152,0.32,0.5224,388,-1
2011-04-21,2,0,4,5,0,4,1,2,0.42,0.4242,0.54,0.5522,14,-1
2011-04-21,2,0,4,6,0,4,1,2,0.4,0.4091,0.58,0.5821,75,-1
2011-04-25,2,0,4,0,0,1,1,3,0.52,0.5,1.0,0.0,12,-1
2011-04-25,2,0,4,4,0,1,1,2,0.52,0.5,1.0,0.0,5,-1
2011-04-25,2,0,4,6,0,1,1,2,0.5,0.4848,1.0,0.0,66,-1
2011-04-26,2,0,4,18,0,2,1,1,0.68,0.6364,0.65,0.4478,528,-1
2011-04-28,2,0,4,8,0,4,1,2,0.66,0.6061,0.78,0.4478,398,-1
2011-05-03,2,0,5,13,0,2,1,2,0.7,0.6515,0.58,0.6119,194,-1
2011-05-03,2,0,5,17,0,2,1,1,0.7,0.6515,0.54,0.4627,517,-1
2011-05-03,2,0,5,18,0,2,1,1,0.7,0.6515,0.48,0.4179,544,-1
2011-05-04,2,0,5,3,0,3,1,3,0.42,0.4242,0.88,0.5224,1,-1
2011-05-05,2,0,5,13,0,4,1,1,0.54,0.5152,0.3,0.5821,192,-1
2011-05-05,2,0,5,15,0,4,1,1,0.56,0.5303,0.26,0.4925,147,-1
2011-05-05,2,0,5,17,0,4,1,1,0.56,0.5303,0.26,0.3881,533,-1
2011-05-10,2,0,5,17,0,2,1,1,0.64,0.6212,0.33,0.0,611,-1
2011-05-15,2,0,5,0,0,0,0,2,0.52,0.5,1.0,0.0,39,-1
2011-05-15,2,0,5,3,0,0,0,2,0.52,0.5,1.0,0.0,32,-1
2011-05-15,2,0,5,4,0,0,0,2,0.52,0.5,1.0,0.0,13,-1
2011-05-17,2,0,5,17,0,2,1,1,0.62,0.6061,0.65,0.4179,604,-1
2011-05-19,2,0,5,7,0,4,1,2,0.5,0.4848,1.0,0.0,257,-1
2011-05-20,2,0,5,17,0,5,1,1,0.62,0.6212,0.53,0.0,554,-1
2011-05-23,2,0,5,6,0,1,1,2,0.54,0.5152,1.0,0.0,96,-1
2011-05-23,2,0,5,14,0,1,1,2,0.72,0.6818,0.62,0.5224,187,-1
2011-05-30,2,0,5,14,1,1,0,1,0.88,0.803,0.39,0.0,327,-1
2011-05-31,2,0,5,11,0,2,1,1,0.86,0.803,0.47,0.0,106,-1
2011-05-31,2,0,5,14,0,2,1,1,0.9,0.8182,0.37,0.0,140,-1
2011-06-02,3,0,6,10,0,4,1,1,0.72,0.6515,0.28,0.4925,139,-1
2011-06-02,3,0,6,12,0,4,1,1,0.76,0.6667,0.25,0.4627,232,-1
2011-06-02,3,0,6,13,0,4,1,1,0.8,0.6818,0.24,0.3582,203,-1
2011-06-02,3,0,6,15,0,4,1,1,0.8,0.6818,0.21,0.3881,188,-1
2011-06-02,3,0,6,16,0,4,1,1,0.8,0.6818,0.22,0.4925,318,-1
2011-06-02,3,0,6,17,0,4,1,1,0.76,0.6515,0.2,0.5224,572,-1
2011-06-02,3,0,6,18,0,4,1,1,0.74,0.6515,0.22,0.3881,525,-1
2011-06-04,3,0,6,15,0,6,0,2,0.74,0.6515,0.27,0.4179,404,-1
2011-06-08,3,0,6,13,0,3,1,1,0.9,0.8485,0.42,0.0,136,-1
2011-06-08,3,0,6,17,0,3,1,1,0.92,0.8485,0.35,0.2239,506,-1
2011-06-09,3,0,6,15,0,4,1,1,0.94,0.8333,0.31,0.1642,104,-1
2011-06-10,3,0,6,14,0,5,1,1,0.86,0.7727,0.39,0.0,165,-1
2011-06-12,3,0,6,12,0,0,0,1,0.82,0.7576,0.46,0.0,420,-1
2011-06-15,3,0,6,15,0,3,1,1,0.76,0.6667,0.27,0.0,164,-1
2011-06-15,3,0,6,17,0,3,1,1,0.74,0.6515,0.28,0.1045,638,-1
2011-06-17,3,0,6,5,0,5,1,1,0.54,0.5152,1.0,0.0,13,-1
2011-06-20,3,0,6,17,0,1,1,1,0.7,0.6515,0.54,0.0,565,-1
2011-06-23,3,0,6,18,0,4,1,1,0.72,0.6818,0.7,0.4179,540,-1
2011-06-27,3,0,6,18,0,1,1,1,0.74,0.6667,0.51,0.0,591,-1
2011-06-28,3,0,6,15,0,2,1,1,0.86,0.7879,0.41,0.0,166,-1
2011-06-29,3,0,6,16,0,3,1,1,0.82,0.7121,0.3,0.4179,328,-1
2011-06-29,3,0,6,17,0,3,1,1,0.82,0.7121,0.26,0.4179,570,-1
2011-06-29,3,0,6,18,0,3,1,1,0.8,0.697,0.29,0.2985,588,-1
2011-06-30,3,0,6,17,0,4,1,1,0.78,0.6818,0.27,0.3582,594,-1
2011-07-01,3,0,7,11,0,5,1,1,0.8,0.697,0.26,0.0,214,-1
2011-07-01,3,0,7,12,0,5,1,1,0.8,0.697,0.26,0.0,263,-1
2011-07-01,3,0,7,13,0,5,1,1,0.8,0.6818,0.24,0.0,292,-1
2011-07-01,3,0,7,16,0,5,1,1,0.82,0.697,0.17,0.0,427,-1
2011-07-01,3,0,7,17,0,5,1,1,0.82,0.697,0.21,0.194,461,-1
2011-07-02,3,0,7,14,0,6,0,1,0.84,0.7121,0.2,0.0,392,-1
2011-07-02,3,0,7,15,0,6,0,1,0.86,0.7273,0.19,0.1642,331,-1
2011-07-02,3,0,7,16,0,6,0,1,0.88,0.7424,0.22,0.2239,398,-1
2011-07-03,3,0,7,17,0,0,0,3,0.8,0.7424,0.49,0.8507,358,-1
2011-07-03,3,0,7,18,0,0,0,3,0.8,0.7424,0.49,0.8507,181,-1
2011-07-04,3,0,7,12,1,1,0,2,0.78,0.7121,0.52,0.0,447,-1
2011-07-04,3,0,7,14,1,1,0,1,0.8,0.7273,0.46,0.0,408,-1
2011-07-04,3,0,7,16,1,1,0,1,0.82,0.7424,0.41,0.0,452,-1
2011-07-04,3,0,7,17,1,1,0,1,0.8,0.7273,0.46,0.0,436,-1
2011-07-07,3,0,7,13,0,4,1,1,0.86,0.7879,0.41,0.0,155,-1
2011-07-08,3,0,7,17,0,5,1,3,0.66,0.5909,0.89,0.4478,167,-1
2011-07-09,3,0,7,16,0,6,0,1,0.82,0.7273,0.38,0.0,416,-1
2011-07-09,3,0,7,17,0,6,0,1,0.84,0.7273,0.32,0.0,401,-1
2011-07-11,3,0,7,17,0,1,1,1,0.86,0.8485,0.56,0.4179,514,-1
2011-07-13,3,0,7,17,0,3,1,1,0.7,0.6667,0.79,0.0,488,-1
2011-07-19,3,0,7,17,0,2,1,1,0.8,0.803,0.66,0.0,513,-1
2011-07-20,3,0,7,8,0,3,1,1,0.74,0.7121,0.74,0.0,438,-1
2011-07-22,3,0,7,1,0,5,1,1,0.8,0.7879,0.63,0.0,24,-1
2011-07-23,3,0,7,14,0,6,0,1,0.92,0.8939,0.42,0.0,236,-1
2011-07-23,3,0,7,15,0,6,0,1,0.94,0.8788,0.38,0.0,215,-1
2011-07-26,3,0,7,11,0,2,1,1,0.82,0.7121,0.3,0.0,151,-1
2011-07-26,3,0,7,12,0,2,1,1,0.84,0.7273,0.28,0.0,147,-1
2011-07-26,3,0,7,17,0,2,1,1,0.86,0.7576,0.36,0.3582,537,-1
2011-07-26,3,0,7,18,0,2,1,1,0.84,0.7424,0.39,0.3881,546,-1
2011-07-27,3,0,7,11,0,3,1,1,0.8,0.697,0.31,0.0,136,-1
2011-07-27,3,0,7,17,0,3,1,1,0.84,0.7121,0.26,0.2239,572,-1
2011-07-27,3,0,7,18,0,3,1,1,0.82,0.7121,0.28,0.1045,541,-1
2011-07-29,3,0,7,13,0,5,1,1,0.94,0.8333,0.31,0.0,156,-1
2011-07-29,3,0,7,16,0,5,1,1,0.96,0.8636,0.3,0.3881,233,-1
2011-07-29,3,0,7,17,0,5,1,1,0.96,0.8636,0.3,0.2985,421,-1
2011-07-30,3,0,7,13,0,6,0,1,0.88,0.7576,0.29,0.0,308,-1
2011-07-30,3,0,7,14,0,6,0,1,0.9,0.7879,0.29,0.0,305,-1
2011-07-30,3,0,7,17,0,6,0,1,0.9,0.7879,0.29,0.1045,302,-1
2011-07-31,3,0,7,12,0,0,0,1,0.9,0.7727,0.25,0.194,338,-1
2011-07-31,3,0,7,13,0,0,0,1,0.9,0.7727,0.24,0.1343,294,-1
2011-07-31,3,0,7,14,0,0,0,1,0.9,0.7727,0.24,0.1642,326,-1
2011-07-31,3,0,7,15,0,0,0,1,0.92,0.7727,0.18,0.2985,293,-1
2011-07-31,3,0,7,16,0,0,0,1,0.92,0.7727,0.17,0.2836,306,-1
2011-07-31,3,0,7,17,0,0,0,1,0.92,0.7727,0.16,0.1642,320,-1
2011-08-01,3,0,8,15,0,1,1,1,0.9,0.7879,0.27,0.0,129,-1
2011-08-01,3,0,8,16,0,1,1,1,0.9,0.7879,0.27,0.0,231,-1
2011-08-02,3,0,8,11,0,2,1,1,0.84,0.7273,0.32,0.4179,128,-1
2011-08-02,3,0,8,14,0,2,1,1,0.9,0.7727,0.25,0.2836,159,-1
2011-08-02,3,0,8,15,0,2,1,1,0.9,0.7727,0.25,0.2836,168,-1
2011-08-02,3,0,8,16,0,2,1,1,0.9,0.7727,0.25,0.2836,274,-1
2011-08-02,3,0,8,17,0,2,1,2,0.9,0.7879,0.27,0.1343,556,-1
2011-08-03,3,0,8,6,0,3,1,3,0.72,0.6818,0.66,0.4925,110,-1
2011-08-03,3,0,8,18,0,3,1,3,0.7,0.6667,0.84,0.0,492,-1
2011-08-07,3,0,8,17,0,0,0,3,0.74,0.7121,0.74,0.6418,194,-1
2011-08-10,3,0,8,17,0,3,1,1,0.84,0.7121,0.26,0.2985,584,-1
2011-08-10,3,0,8,18,0,3,1,1,0.82,0.7121,0.28,0.2985,559,-1
2011-08-11,3,0,8,14,0,4,1,1,0.8,0.697,0.29,0.0,142,-1
2011-08-11,3,0,8,18,0,4,1,1,0.78,0.6818,0.29,0.0896,571,-1
2011-08-12,3,0,8,12,0,5,1,1,0.8,0.697,0.27,0.0,222,-1
2011-08-12,3,0,8,16,0,5,1,1,0.82,0.7121,0.28,0.0,334,-1
2011-08-12,3,0,8,17,0,5,1,1,0.82,0.7121,0.26,0.0,516,-1
2011-08-14,3,0,8,21,0,0,0,3,0.6,0.5455,0.88,0.4925,155,-1
2011-08-14,3,0,8,22,0,0,0,3,0.6,0.5455,0.88,0.4925,39,-1
2011-08-19,3,0,8,17,0,5,1,1,0.76,0.7121,0.58,0.5224,527,-1
2011-08-19,3,0,8,18,0,5,1,1,0.76,0.7121,0.58,0.5224,425,-1
2011-08-22,3,0,8,13,0,1,1,1,0.74,0.6515,0.3,0.4627,205,-1
2011-08-23,3,0,8,14,0,2,1,1,0.72,0.6515,0.3,0.0896,651,-1
2011-08-27,3,0,8,12,0,6,0,3,0.66,0.6061,0.83,0.4925,76,-1
2011-08-27,3,0,8,14,0,6,0,3,0.64,0.5758,0.89,0.5522,23,-1
2011-08-27,3,0,8,15,0,6,0,3,0.64,0.5758,0.89,0.5522,30,-1
2011-08-27,3,0,8,16,0,6,0,3,0.64,0.5758,0.89,0.5224,24,-1
2011-08-27,3,0,8,17,0,6,0,3,0.64,0.5758,0.89,0.8358,16,-1
2011-08-28,3,0,8,10,0,0,0,1,0.7,0.6515,0.61,0.6119,142,-1
2011-09-05,4,0,9,22,1,1,0,2,0.6,0.5455,0.88,0.5821,64,-1
2011-09-08,4,0,9,19,0,4,1,3,0.62,0.5152,1.0,0.3284,52,-1
2011-09-09,4,0,9,10,0,5,1,2,0.62,0.5152,1.0,0.0,29,-1
2011-09-15,4,0,9,18,0,4,1,3,0.48,0.4697,0.67,0.6119,244,-1
2011-09-21,4,0,9,0,0,3,1,1,0.54,0.5152,1.0,0.0,27,-1
2011-09-21,4,0,9,8,0,3,1,2,0.54,0.5152,1.0,0.1045,462,-1
2011-09-23,4,0,9,1,0,5,1,2,0.6,0.5,1.0,0.0,31,-1
2011-09-23,4,0,9,3,0,5,1,2,0.6,0.5,1.0,0.0,8,-1
2011-09-23,4,0,9,4,0,5,1,3,0.6,0.5,1.0,0.0,13,-1
2011-09-23,4,0,9,17,0,5,1,2,0.6,0.5,1.0,0.0,99,-1
2011-09-23,4,0,9,18,0,5,1,1,0.6,0.5,1.0,0.0,234,-1
2011-09-26,4,0,9,7,0,1,1,2,0.62,0.5455,0.94,0.0,332,-1
2011-09-26,4,0,9,8,0,1,1,2,0.62,0.5455,0.94,0.0,355,-1
2011-10-15,4,0,10,12,0,6,0,1,0.58,0.5455,0.35,0.5522,456,-1
2011-10-15,4,0,10,15,0,6,0,1,0.62,0.6212,0.31,0.4925,377,-1
2011-10-19,4,0,10,9,0,3,1,3,0.52,0.5,0.88,0.4925,202,-1
2011-10-19,4,0,10,10,0,3,1,3,0.52,0.5,0.88,0.4925,123,-1
2011-10-20,4,0,10,3,0,4,1,1,0.5,0.4848,0.82,0.4627,1,-1
2011-10-20,4,0,10,8,0,4,1,1,0.44,0.4394,0.67,0.5224,426,-1
2011-10-20,4,0,10,9,0,4,1,1,0.44,0.4394,0.67,0.5821,223,-1
2011-10-20,4,0,10,13,0,4,1,1,0.5,0.4848,0.45,0.5821,164,-1
2011-10-20,4,0,10,14,0,4,1,2,0.48,0.4697,0.48,0.5522,155,-1
2011-10-29,4,0,10,12,0,6,0,3,0.24,0.197,0.87,0.4925,50,-1
2011-10-29,4,0,10,13,0,6,0,3,0.24,0.197,0.87,0.5224,30,-1
2011-10-29,4,0,10,14,0,6,0,3,0.24,0.197,0.87,0.4478,29,-1
2011-10-31,4,0,10,7,0,1,1,1,0.24,0.2879,0.93,0.0,227,-1
2011-10-31,4,0,10,8,0,1,1,2,0.28,0.3182,0.87,0.0,372,-1
2011-11-02,4,0,11,8,0,3,1,1,0.32,0.3485,0.87,0.0,472,-1
2011-11-04,4,0,11,18,0,5,1,1,0.42,0.4242,0.32,0.4627,374,-1
2011-11-07,4,0,11,7,0,1,1,2,0.28,0.3182,0.93,0.0,311,-1
2011-11-07,4,0,11,8,0,1,1,2,0.3,0.3182,1.0,0.0896,410,-1
2011-11-08,4,0,11,8,0,2,1,1,0.32,0.3333,0.93,0.1045,466,-1
2011-11-09,4,0,11,7,0,3,1,1,0.3,0.3333,0.87,0.0,300,-1
2011-11-09,4,0,11,8,0,3,1,1,0.32,0.3485,0.93,0.0,456,-1
2011-11-11,4,0,11,10,1,5,0,1,0.32,0.2727,0.42,0.5522,200,-1
2011-11-11,4,0,11,13,1,5,0,1,0.38,0.3939,0.37,0.5522,236,-1
2011-11-13,4,0,11,14,0,0,0,2,0.54,0.5152,0.28,0.4925,371,-1
2011-11-16,4,0,11,12,0,3,1,3,0.46,0.4545,1.0,0.0,54,-1
2011-11-21,4,0,11,6,0,1,1,2,0.42,0.4242,1.0,0.0,76,-1
2011-11-21,4,0,11,8,0,1,1,2,0.46,0.4545,0.94,0.0,391,-1
2011-11-22,4,0,11,18,0,2,1,3,0.44,0.4394,1.0,0.0,148,-1
2011-11-23,4,0,11,6,0,3,1,2,0.44,0.4394,1.0,0.0,69,-1
2011-11-28,4,0,11,8,0,1,1,2,0.42,0.4242,0.94,0.0,407,-1
2011-12-02,1,0,12,8,0,5,1,1,0.24,0.2879,0.87,0.0,445,-1
2011-12-05,1,0,12,8,0,1,1,1,0.32,0.3485,0.93,0.0,404,-1
2011-12-07,1,0,12,6,0,3,1,3,0.48,0.4697,1.0,0.4179,18,-1
2011-12-07,1,0,12,8,0,3,1,3,0.44,0.4394,1.0,0.0,86,-1
2011-12-07,1,0,12,17,0,3,1,3,0.4,0.4091,1.0,0.3284,52,-1
2011-12-07,1,0,12,19,0,3,1,3,0.34,0.2879,0.87,0.6418,33,-1
2011-12-07,1,0,12,20,0,3,1,3,0.34,0.2879,0.87,0.6418,26,-1
2011-12-07,1,0,12,21,0,3,1,3,0.3,0.2576,0.87,0.5224,6,-1
2011-12-07,1,0,12,22,0,3,1,3,0.24,0.197,0.93,0.4478,13,-1
2011-12-09,1,0,12,8,0,5,1,1,0.24,0.2879,0.81,0.0,385,-1
2011-12-11,1,0,12,15,0,0,0,1,0.3,0.3333,0.26,0.0,266,-1
2011-12-12,1,0,12,8,0,1,1,2,0.16,0.1818,0.8,0.1045,385,-1
2011-12-14,1,0,12,8,0,3,1,2,0.26,0.303,0.87,0.0,467,-1
2011-12-21,1,0,12,8,0,3,1,3,0.36,0.3788,0.93,0.0,405,-1
2011-12-21,1,0,12,17,0,3,1,3,0.44,0.4394,1.0,0.3284,229,-1
2011-12-26,1,0,12,11,1,1,0,1,0.34,0.2879,0.46,0.5821,91,-1
2011-12-28,1,0,12,12,0,3,1,1,0.34,0.2879,0.46,0.5522,140,-1
2012-01-03,1,1,1,10,0,2,1,1,0.16,0.1212,0.47,0.4627,60,-1
2012-01-03,1,1,1,11,0,2,1,1,0.18,0.1364,0.37,0.5224,75,-1
2012-01-03,1,1,1,12,0,2,1,1,0.18,0.1364,0.37,0.5224,74,-1
2012-01-03,1,1,1,13,0,2,1,1,0.18,0.1212,0.34,0.6567,73,-1
2012-01-03,1,1,1,14,0,2,1,1,0.16,0.1212,0.43,0.5224,79,-1
2012-01-03,1,1,1,16,0,2,1,1,0.14,0.0909,0.39,0.5821,136,-1
2012-01-03,1,1,1,17,0,2,1,1,0.14,0.1061,0.26,0.4627,245,-1
2012-01-03,1,1,1,18,0,2,1,1,0.14,0.0909,0.26,0.5224,224,-1
2012-01-03,1,1,1,19,0,2,1,1,0.12,0.0909,0.28,0.4179,156,-1
2012-01-04,1,1,1,2,0,3,1,1,0.02,0.0152,0.34,0.2836,1,-1
2012-01-04,1,1,1,3,0,3,1,1,0.02,0.0152,0.34,0.2836,1,-1
2012-01-04,1,1,1,10,0,3,1,1,0.06,0.1061,0.45,0.0,64,-1
2012-01-05,1,1,1,8,0,4,1,2,0.2,0.2576,0.75,0.0,388,-1
2012-01-10,1,1,1,8,0,2,1,2,0.18,0.197,0.93,0.1642,471,-1
2012-01-11,1,1,1,8,0,3,1,1,0.2,0.2273,0.82,0.1045,499,-1
2012-01-13,1,1,1,5,0,5,1,2,0.3,0.2424,0.7,0.5522,21,-1
2012-01-13,1,1,1,11,0,5,1,1,0.24,0.1818,0.38,0.6119,114,-1
2012-01-13,1,1,1,13,0,5,1,1,0.26,0.2121,0.33,0.5224,154,-1
2012-01-13,1,1,1,14,0,5,1,1,0.26,0.2121,0.33,0.5522,129,-1
2012-01-13,1,1,1,15,0,5,1,1,0.26,0.2121,0.33,0.5821,138,-1
2012-01-17,1,1,1,16,0,2,1,1,0.46,0.4545,0.63,0.5522,219,-1
2012-01-18,1,1,1,4,0,3,1,1,0.34,0.2879,0.46,0.5224,1,-1
2012-01-18,1,1,1,16,0,3,1,1,0.28,0.2273,0.3,0.5224,176,-1
2012-01-19,1,1,1,9,0,4,1,1,0.12,0.197,0.54,0.0,210,-1
2012-01-20,1,1,1,17,0,5,1,2,0.22,0.2576,0.32,0.0896,349,-1
2012-01-23,1,1,1,10,0,1,1,2,0.2,0.2576,0.93,0.0,149,-1
2012-01-23,1,1,1,17,0,1,1,2,0.24,0.2576,0.96,0.1045,276,-1
2012-01-23,1,1,1,20,0,1,1,2,0.26,0.2576,1.0,0.1642,169,-1
2012-01-23,1,1,1,21,0,1,1,2,0.26,0.2424,1.0,0.2836,120,-1
2012-01-23,1,1,1,22,0,1,1,2,0.26,0.2424,1.0,0.2836,68,-1
2012-01-24,1,1,1,8,0,2,1,2,0.32,0.3333,0.93,0.1343,490,-1
2012-01-26,1,1,1,8,0,4,1,2,0.28,0.303,0.81,0.0896,530,-1
2012-01-27,1,1,1,14,0,5,1,1,0.5,0.4848,0.55,0.5522,176,-1
2012-01-27,1,1,1,16,0,5,1,1,0.44,0.4394,0.51,0.5522,267,-1
2012-01-27,1,1,1,17,0,5,1,1,0.42,0.4242,0.5,0.5821,422,-1
2012-01-28,1,1,1,19,0,6,0,2,0.42,0.4242,0.41,0.5522,206,-1
2012-01-29,1,1,1,4,0,0,0,1,0.24,0.2576,0.3,0.0,5,-1
2012-01-29,1,1,1,16,0,0,0,1,0.36,0.3333,0.21,0.4179,322,-1
2012-01-29,1,1,1,17,0,0,0,1,0.36,0.3333,0.21,0.4179,234,-1
2012-01-31,1,1,1,17,0,2,1,1,0.54,0.5152,0.26,0.4179,559,-1
2012-02-02,1,1,2,8,0,4,1,3,0.4,0.4091,0.87,0.0,445,-1
2012-02-02,1,1,2,19,0,4,1,1,0.38,0.3939,0.43,0.5224,327,-1
2012-02-06,1,1,2,8,0,1,1,1,0.16,0.1818,0.86,0.1343,444,-1
2012-02-07,1,1,2,8,0,2,1,1,0.3,0.3182,0.49,0.0,529,-1
2012-02-11,1,1,2,18,0,6,0,2,0.22,0.1818,0.47,0.6567,108,-1
2012-02-11,1,1,2,19,0,6,0,2,0.2,0.1515,0.4,0.5522,87,-1
2012-02-11,1,1,2,20,0,6,0,2,0.16,0.1212,0.43,0.5522,63,-1
2012-02-11,1,1,2,21,0,6,0,1,0.14,0.0758,0.43,0.6418,48,-1
2012-02-11,1,1,2,23,0,6,0,3,0.12,0.0758,0.5,0.4925,20,-1
2012-02-12,1,1,2,1,0,0,0,3,0.08,0.0455,0.79,0.4627,24,-1
2012-02-12,1,1,2,2,0,0,0,2,0.1,0.0606,0.58,0.5821,27,-1
2012-02-12,1,1,2,3,0,0,0,2,0.1,0.0455,0.46,0.6866,14,-1
2012-02-12,1,1,2,4,0,0,0,2,0.1,0.0455,0.46,0.7164,1,-1
2012-02-12,1,1,2,12,0,0,0,1,0.14,0.0758,0.39,0.6418,140,-1
2012-02-12,1,1,2,14,0,0,0,1,0.16,0.1212,0.4,0.5224,111,-1
2012-02-12,1,1,2,15,0,0,0,1,0.16,0.1212,0.4,0.5522,155,-1
2012-02-12,1,1,2,16,0,0,0,1,0.2,0.1667,0.34,0.4627,164,-1
2012-02-12,1,1,2,18,0,0,0,1,0.16,0.1212,0.4,0.4627,96,-1
2012-02-14,1,1,2,8,0,2,1,2,0.24,0.2879,0.7,0.0,513,-1
2012-02-17,1,1,2,8,0,5,1,2,0.26,0.303,1.0,0.0,520,-1
2012-02-17,1,1,2,9,0,5,1,2,0.26,0.303,1.0,0.0,283,-1
2012-02-22,1,1,2,8,0,3,1,1,0.3,0.3182,0.75,0.0896,576,-1
2012-02-24,1,1,2,21,0,5,1,1,0.42,0.4242,0.35,0.806,152,-1
2012-02-24,1,1,2,22,0,5,1,1,0.4,0.4091,0.37,0.5821,106,-1
2012-02-24,1,1,2,23,0,5,1,1,0.38,0.3939,0.37,0.6866,86,-1
2012-02-25,1,1,2,11,0,6,0,1,0.3,0.2576,0.39,0.6119,210,-1
2012-02-25,1,1,2,12,0,6,0,1,0.32,0.2727,0.29,0.6567,258,-1
2012-02-25,1,1,2,14,0,6,0,1,0.32,0.2727,0.29,0.5522,216,-1
2012-02-25,1,1,2,16,0,6,0,1,0.32,0.2727,0.26,0.5821,195,-1
2012-02-25,1,1,2,18,0,6,0,1,0.3,0.2576,0.28,0.5821,133,-1
2012-02-25,1,1,2,20,0,6,0,1,0.26,0.2121,0.3,0.5522,105,-1
2012-02-26,1,1,2,14,0,0,0,1,0.34,0.3485,0.31,0.0,331,-1
2012-02-26,1,1,2,15,0,0,0,1,0.36,0.3485,0.29,0.0,353,-1
2012-02-27,1,1,2,8,0,1,1,1,0.24,0.2424,0.6,0.0,528,-1
2012-02-27,1,1,2,17,0,1,1,1,0.54,0.5152,0.24,0.4478,529,-1
2012-02-27,1,1,2,18,0,1,1,1,0.52,0.5,0.27,0.4179,527,-1
2012-03-01,2,1,3,8,0,4,1,1,0.42,0.4242,0.94,0.1343,594,-1
2012-03-02,2,1,3,8,0,5,1,1,0.28,0.303,0.75,0.0896,549,-1
2012-03-02,2,1,3,9,0,5,1,1,0.3,0.3333,0.81,0.0,314,-1
2012-03-04,2,1,3,15,0,0,0,1,0.36,0.3182,0.32,0.5224,334,-1
2012-03-04,2,1,3,17,0,0,0,1,0.34,0.2879,0.31,0.5522,263,-1
2012-03-04,2,1,3,18,0,0,0,1,0.32,0.2727,0.33,0.6119,184,-1
2012-03-05,2,1,3,18,0,1,1,3,0.28,0.2273,0.55,0.6567,375,-1
2012-03-05,2,1,3,23,0,1,1,1,0.22,0.1818,0.37,0.5821,31,-1
2012-03-07,2,1,3,17,0,3,1,1,0.56,0.5303,0.43,0.4925,612,-1
2012-03-07,2,1,3,18,0,3,1,1,0.56,0.5303,0.4,0.4627,544,-1
2012-03-08,2,1,3,8,0,4,1,1,0.44,0.4394,0.77,0.3881,585,-1
2012-03-08,2,1,3,13,0,4,1,2,0.6,0.6212,0.49,0.6418,233,-1
2012-03-08,2,1,3,14,0,4,1,2,0.62,0.6212,0.43,0.6418,203,-1
2012-03-08,2,1,3,15,0,4,1,1,0.64,0.6212,0.38,0.6866,185,-1
2012-03-08,2,1,3,16,0,4,1,2,0.62,0.6212,0.41,0.6418,342,-1
2012-03-08,2,1,3,17,0,4,1,1,0.62,0.6212,0.38,0.6567,597,-1
2012-03-08,2,1,3,18,0,4,1,2,0.62,0.6212,0.38,0.5522,590,-1
2012-03-09,2,1,3,3,0,5,1,1,0.46,0.4545,0.77,0.5224,7,-1
2012-03-09,2,1,3,8,0,5,1,2,0.34,0.2879,0.42,0.5224,501,-1
2012-03-09,2,1,3,16,0,5,1,1,0.48,0.4697,0.23,0.4179,343,-1
2012-03-09,2,1,3,17,0,5,1,1,0.46,0.4545,0.24,0.3881,566,-1
2012-03-09,2,1,3,18,0,5,1,1,0.44,0.4394,0.26,0.5224,470,-1
2012-03-09,2,1,3,19,0,5,1,1,0.42,0.4242,0.28,0.6119,244,-1
2012-03-10,2,1,3,15,0,6,0,1,0.34,0.3636,0.25,0.0,406,-1
2012-03-10,2,1,3,16,0,6,0,1,0.36,0.3636,0.23,0.0,390,-1
2012-03-10,2,1,3,17,0,6,0,1,0.36,0.3788,0.23,0.0,354,-1
2012-03-12,2,1,3,17,0,1,1,2,0.62,0.6212,0.38,0.4179,644,-1
2012-03-13,2,1,3,18,0,2,1,1,0.7,0.6364,0.34,0.2985,734,-1
2012-03-14,2,1,3,8,0,3,1,1,0.44,0.4394,0.82,0.0,662,-1
2012-03-14,2,1,3,15,0,3,1,1,0.7,0.6364,0.24,0.0,283,-1
2012-03-14,2,1,3,17,0,3,1,1,0.7,0.6364,0.28,0.0896,782,-1
2012-03-14,2,1,3,18,0,3,1,1,0.7,0.6364,0.32,0.0,749,-1
2012-03-17,2,1,3,16,0,6,0,1,0.64,0.6212,0.5,0.0,685,-1
2012-03-19,2,1,3,18,0,1,1,1,0.64,0.6212,0.57,0.2537,801,-1
2012-03-20,2,1,3,18,0,2,1,1,0.6,0.5909,0.69,0.2537,801,-1
2012-03-21,2,1,3,17,0,3,1,1,0.6,0.5909,0.69,0.0896,729,-1
2012-03-21,2,1,3,18,0,3,1,1,0.6,0.5909,0.69,0.0,779,-1
2012-03-21,2,1,3,19,0,3,1,1,0.6,0.6061,0.64,0.0,582,-1
2012-03-22,2,1,3,7,0,4,1,2,0.48,0.4697,1.0,0.0896,361,-1
2012-03-22,2,1,3,8,0,4,1,2,0.5,0.4848,0.94,0.0896,649,-1
2012-03-22,2,1,3,17,0,4,1,1,0.66,0.6212,0.65,0.1642,810,-1
2012-03-22,2,1,3,19,0,4,1,1,0.66,0.6212,0.61,0.0,586,-1
2012-03-23,2,1,3,8,0,5,1,2,0.5,0.4848,0.94,0.1343,662,-1
2012-03-23,2,1,3,17,0,5,1,2,0.72,0.6515,0.42,0.1642,957,-1
2012-03-23,2,1,3,18,0,5,1,1,0.7,0.6364,0.45,0.1642,830,-1
2012-03-24,2,1,3,15,0,6,0,3,0.5,0.4848,0.94,0.4179,290,-1
2012-03-26,2,1,3,10,0,1,1,1,0.5,0.4848,0.36,0.5821,153,-1
2012-03-26,2,1,3,11,0,1,1,1,0.48,0.4697,0.31,0.5821,178,-1
2012-03-26,2,1,3,12,0,1,1,1,0.48,0.4697,0.33,0.5224,279,-1
2012-03-26,2,1,3,13,0,1,1,1,0.48,0.4697,0.29,0.6866,301,-1
2012-03-26,2,1,3,15,0,1,1,1,0.48,0.4697,0.29,0.6119,223,-1
2012-03-26,2,1,3,16,0,1,1,1,0.48,0.4697,0.25,0.6418,305,-1
2012-03-26,2,1,3,17,0,1,1,1,0.46,0.4545,0.24,0.4478,664,-1
2012-03-26,2,1,3,18,0,1,1,1,0.44,0.4394,0.26,0.4478,684,-1
2012-03-26,2,1,3,19,0,1,1,1,0.42,0.4242,0.24,0.3582,458,-1
2012-03-26,2,1,3,20,0,1,1,1,0.4,0.4091,0.26,0.5224,221,-1
2012-03-26,2,1,3,21,0,1,1,1,0.38,0.3939,0.25,0.4925,186,-1
2012-03-26,2,1,3,23,0,1,1,1,0.34,0.2879,0.25,0.5224,48,-1
2012-03-27,2,1,3,0,0,2,1,1,0.32,0.2879,0.26,0.5224,10,-1
2012-03-27,2,1,3,1,0,2,1,1,0.3,0.2727,0.26,0.4627,5,-1
2012-03-27,2,1,3,8,0,2,1,1,0.22,0.2121,0.37,0.2985,581,-1
2012-03-27,2,1,3,16,0,2,1,1,0.42,0.4242,0.2,0.0,305,-1
2012-03-27,2,1,3,17,0,2,1,1,0.44,0.4394,0.16,0.0,614,-1
2012-03-27,2,1,3,18,0,2,1,1,0.42,0.4242,0.17,0.0896,644,-1
2012-03-27,2,1,3,19,0,2,1,1,0.42,0.4242,0.17,0.0,417,-1
2012-03-29,2,1,3,8,0,4,1,1,0.46,0.4545,0.47,0.4179,654,-1
2012-03-29,2,1,3,17,0,4,1,1,0.52,0.5,0.38,0.3881,703,-1
2012-03-31,2,1,3,12,0,6,0,1,0.48,0.4697,0.67,0.0,621,-1
2012-03-31,2,1,3,17,0,6,0,1,0.48,0.4697,0.67,0.4179,543,-1
2012-04-02,2,1,4,17,0,1,1,1,0.5,0.4848,0.29,0.2836,729,-1
2012-04-03,2,1,4,8,0,2,1,1,0.34,0.3636,0.57,0.0,604,-1
2012-04-03,2,1,4,12,0,2,1,1,0.52,0.5,0.25,0.0,331,-1
2012-04-03,2,1,4,17,0,2,1,1,0.62,0.6061,0.17,0.194,757,-1
2012-04-03,2,1,4,18,0,2,1,1,0.6,0.6061,0.26,0.1642,800,-1
2012-04-04,2,1,4,8,0,3,1,2,0.44,0.4394,0.72,0.1045,684,-1
2012-04-04,2,1,4,17,0,3,1,1,0.66,0.6212,0.41,0.2985,744,-1
2012-04-04,2,1,4,23,0,3,1,1,0.52,0.5,0.23,0.4179,131,-1
2012-04-05,2,1,4,0,0,4,1,1,0.52,0.5,0.23,0.4179,45,-1
2012-04-05,2,1,4,17,0,4,1,1,0.5,0.4848,0.31,0.1642,822,-1
2012-04-05,2,1,4,18,0,4,1,1,0.5,0.4848,0.31,0.1045,698,-1
2012-04-06,2,1,4,16,0,5,1,1,0.5,0.4848,0.22,0.4179,536,-1
2012-04-06,2,1,4,17,0,5,1,1,0.52,0.5,0.23,0.4179,655,-1
2012-04-06,2,1,4,18,0,5,1,1,0.5,0.4848,0.22,0.4627,484,-1
2012-04-07,2,1,4,12,0,6,0,1,0.46,0.4545,0.23,0.3881,590,-1
2012-04-07,2,1,4,13,0,6,0,1,0.5,0.4848,0.22,0.194,643,-1
2012-04-07,2,1,4,14,0,6,0,1,0.5,0.4848,0.22,0.2985,578,-1
2012-04-07,2,1,4,15,0,6,0,1,0.52,0.5,0.19,0.4179,626,-1
2012-04-07,2,1,4,16,0,6,0,1,0.54,0.5152,0.19,0.3881,615,-1
2012-04-07,2,1,4,17,0,6,0,1,0.54,0.5152,0.19,0.4179,567,-1
2012-04-08,2,1,4,14,0,0,0,1,0.6,0.5909,0.18,0.4478,503,-1
2012-04-08,2,1,4,15,0,0,0,1,0.62,0.6061,0.17,0.3582,486,-1
2012-04-09,2,1,4,12,0,1,1,1,0.54,0.5152,0.28,0.7164,280,-1
2012-04-09,2,1,4,13,0,1,1,1,0.54,0.5152,0.28,0.5821,281,-1
2012-04-09,2,1,4,14,0,1,1,1,0.56,0.5303,0.28,0.5522,218,-1
2012-04-09,2,1,4,15,0,1,1,1,0.58,0.5455,0.28,0.5522,255,-1
2012-04-09,2,1,4,17,0,1,1,1,0.54,0.5152,0.32,0.4179,632,-1
2012-04-10,2,1,4,17,0,2,1,1,0.56,0.5303,0.21,0.5224,744,-1
2012-04-10,2,1,4,18,0,2,1,1,0.54,0.5152,0.22,0.4179,704,-1
2012-04-10,2,1,4,19,0,2,1,1,0.52,0.5,0.2,0.3582,479,-1
2012-04-11,2,1,4,18,0,3,1,3,0.4,0.4091,0.43,0.4179,585,-1
2012-04-12,2,1,4,8,0,4,1,1,0.32,0.303,0.66,0.3284,624,-1
2012-04-12,2,1,4,17,0,4,1,1,0.5,0.4848,0.27,0.3881,656,-1
2012-04-12,2,1,4,18,0,4,1,1,0.5,0.4848,0.27,0.3881,610,-1
2012-04-13,2,1,4,17,0,5,1,1,0.56,0.5303,0.24,0.1642,738,-1
2012-04-13,2,1,4,18,0,5,1,1,0.54,0.5152,0.26,0.1343,671,-1
2012-04-14,2,1,4,14,0,6,0,2,0.64,0.6212,0.27,0.4478,660,-1
2012-04-14,2,1,4,15,0,6,0,2,0.64,0.6212,0.27,0.3582,658,-1
2012-04-16,2,1,4,16,1,1,0,1,0.8,0.697,0.33,0.4627,358,-1
2012-04-16,2,1,4,17,1,1,0,1,0.8,0.697,0.33,0.3881,712,-1
2012-04-16,2,1,4,18,1,1,0,1,0.8,0.697,0.31,0.3881,676,-1
2012-04-17,2,1,4,17,0,2,1,1,0.64,0.6061,0.25,0.2985,781,-1
2012-04-17,2,1,4,18,0,2,1,1,0.64,0.6061,0.25,0.2836,775,-1
2012-04-18,2,1,4,18,0,3,1,2,0.42,0.4242,0.77,0.0,505,-1
2012-04-19,2,1,4,8,0,4,1,2,0.42,0.4242,0.82,0.1045,677,-1
2012-04-19,2,1,4,17,0,4,1,1,0.6,0.6212,0.43,0.0896,748,-1
2012-04-19,2,1,4,18,0,4,1,1,0.6,0.6212,0.43,0.0896,776,-1
2012-04-20,2,1,4,7,0,5,1,1,0.42,0.4242,0.94,0.0,359,-1
2012-04-20,2,1,4,8,0,5,1,1,0.44,0.4394,0.94,0.0,700,-1
2012-04-20,2,1,4,17,0,5,1,1,0.64,0.6212,0.47,0.2836,819,-1
2012-04-21,2,1,4,17,0,6,0,2,0.74,0.6515,0.3,0.3881,568,-1
2012-04-22,2,1,4,19,0,0,0,3,0.36,0.3182,0.87,0.5224,35,-1
2012-04-22,2,1,4,22,0,0,0,3,0.34,0.2879,0.87,0.5224,13,-1
2012-04-24,2,1,4,15,0,2,1,1,0.5,0.4848,0.23,0.4179,236,-1
2012-04-24,2,1,4,17,0,2,1,1,0.52,0.5,0.22,0.3881,691,-1
2012-04-24,2,1,4,18,0,2,1,1,0.5,0.4848,0.18,0.0,632,-1
2012-04-25,2,1,4,8,0,3,1,1,0.36,0.3636,0.76,0.0896,654,-1
2012-04-25,2,1,4,17,0,3,1,1,0.6,0.5909,0.2,0.2985,732,-1
2012-04-25,2,1,4,18,0,3,1,1,0.6,0.5909,0.2,0.2836,709,-1
2012-04-27,2,1,4,0,0,5,1,1,0.54,0.5152,0.68,0.5522,73,-1
2012-04-27,2,1,4,8,0,5,1,1,0.4,0.4091,0.5,0.0,592,-1
2012-04-27,2,1,4,17,0,5,1,1,0.54,0.5152,0.24,0.3881,702,-1
2012-04-27,2,1,4,18,0,5,1,1,0.52,0.5,0.25,0.3582,654,-1
2012-04-29,2,1,4,14,0,0,0,1,0.54,0.5152,0.34,0.0,653,-1
2012-05-02,2,1,5,8,0,3,1,2,0.56,0.5303,0.88,0.0,666,-1
2012-05-02,2,1,5,18,0,3,1,1,0.56,0.5303,0.73,0.2239,813,-1
2012-05-04,2,1,5,8,0,5,1,1,0.56,0.5303,0.88,0.0,618,-1
2012-05-04,2,1,5,17,0,5,1,1,0.7,0.6515,0.54,0.4627,643,-1
2012-05-04,2,1,5,18,0,5,1,1,0.7,0.6515,0.54,0.4627,641,-1
2012-05-06,2,1,5,13,0,0,0,2,0.6,0.6061,0.64,0.0,565,-1
2012-05-07,2,1,5,17,0,1,1,2,0.6,0.6212,0.53,0.3284,769,-1
2012-05-09,2,1,5,18,0,3,1,3,0.52,0.5,0.77,0.5821,372,-1
2012-05-10,2,1,5,8,0,4,1,1,0.46,0.4545,0.67,0.3582,630,-1
2012-05-10,2,1,5,16,0,4,1,1,0.58,0.5455,0.3,0.4627,421,-1
2012-05-10,2,1,5,17,0,4,1,1,0.6,0.6212,0.31,0.3881,732,-1
2012-05-10,2,1,5,18,0,4,1,1,0.56,0.5303,0.35,0.5224,770,-1
2012-05-11,2,1,5,17,0,5,1,1,0.64,0.6061,0.23,0.2537,779,-1
2012-05-12,2,1,5,16,0,6,0,2,0.7,0.6364,0.21,0.194,591,-1
2012-05-16,2,1,5,8,0,3,1,1,0.58,0.5455,0.83,0.0,650,-1
2012-05-16,2,1,5,17,0,3,1,1,0.72,0.6667,0.51,0.194,873,-1
2012-05-16,2,1,5,18,0,3,1,1,0.72,0.6667,0.51,0.2239,846,-1
2012-05-17,2,1,5,8,0,4,1,1,0.52,0.5,0.55,0.4478,634,-1
2012-05-17,2,1,5,17,0,4,1,1,0.66,0.6212,0.31,0.1343,852,-1
2012-05-17,2,1,5,18,0,4,1,1,0.66,0.6212,0.27,0.1642,868,-1
2012-05-18,2,1,5,17,0,5,1,1,0.66,0.6212,0.34,0.1343,812,-1
2012-05-19,2,1,5,12,0,6,0,1,0.66,0.6212,0.36,0.0,642,-1
2012-05-19,2,1,5,14,0,6,0,1,0.72,0.6515,0.3,0.0896,730,-1
2012-05-19,2,1,5,15,0,6,0,1,0.72,0.6515,0.3,0.1045,672,-1
2012-05-19,2,1,5,17,0,6,0,1,0.74,0.6515,0.3,0.0896,626,-1
2012-05-22,2,1,5,17,0,2,1,1,0.72,0.6667,0.54,0.0,785,-1
2012-05-23,2,1,5,8,0,3,1,1,0.58,0.5455,0.83,0.0,719,-1
2012-05-24,2,1,5,17,0,4,1,1,0.74,0.6818,0.55,0.2836,798,-1
2012-05-24,2,1,5,18,0,4,1,1,0.72,0.6667,0.54,0.3284,752,-1
2012-05-29,2,1,5,16,0,2,1,1,0.82,0.7727,0.49,0.4925,393,-1
2012-05-29,2,1,5,17,0,2,1,1,0.82,0.7576,0.46,0.4179,781,-1
2012-05-29,2,1,5,18,0,2,1,1,0.8,0.7424,0.49,0.4925,710,-1
2012-05-29,2,1,5,20,0,2,1,3,0.7,0.6515,0.61,0.5224,204,-1
2012-05-30,2,1,5,17,0,3,1,1,0.74,0.6667,0.48,0.0896,839,-1
2012-05-30,2,1,5,18,0,3,1,1,0.74,0.6667,0.48,0.1642,796,-1
2012-05-31,2,1,5,17,0,4,1,1,0.76,0.6667,0.31,0.1642,827,-1
2012-05-31,2,1,5,18,0,4,1,1,0.74,0.6515,0.3,0.194,785,-1
2012-06-02,3,1,6,17,0,6,0,1,0.64,0.6212,0.36,0.0,586,-1
2012-06-02,3,1,6,18,0,6,0,1,0.64,0.6212,0.36,0.0,512,-1
2012-06-03,3,1,6,15,0,0,0,1,0.7,0.6364,0.34,0.0,644,-1
2012-06-04,3,1,6,17,0,1,1,1,0.64,0.6212,0.38,0.4478,834,-1
2012-06-04,3,1,6,18,0,1,1,1,0.64,0.6212,0.38,0.3881,822,-1
2012-06-04,3,1,6,19,0,1,1,1,0.62,0.6212,0.38,0.4179,645,-1
2012-06-05,3,1,6,8,0,2,1,2,0.48,0.4697,0.77,0.2239,710,-1
2012-06-05,3,1,6,17,0,2,1,1,0.6,0.6212,0.43,0.0,850,-1
2012-06-05,3,1,6,18,0,2,1,1,0.6,0.6212,0.43,0.194,790,-1
2012-06-06,3,1,6,7,0,3,1,1,0.5,0.4848,0.72,0.0,547,-1
2012-06-06,3,1,6,8,0,3,1,1,0.54,0.5152,0.68,0.0,668,-1
2012-06-07,3,1,6,8,0,4,1,1,0.52,0.5,0.77,0.0,681,-1
2012-06-07,3,1,6,15,0,4,1,1,0.74,0.6515,0.3,0.0,333,-1
2012-06-07,3,1,6,17,0,4,1,1,0.72,0.6515,0.34,0.2537,869,-1
2012-06-07,3,1,6,18,0,4,1,1,0.7,0.6364,0.34,0.2836,813,-1
2012-06-08,3,1,6,17,0,5,1,1,0.76,0.6667,0.29,0.194,793,-1
2012-06-08,3,1,6,18,0,5,1,1,0.76,0.6667,0.27,0.2239,723,-1
2012-06-09,3,1,6,11,0,6,0,1,0.76,0.6667,0.35,0.0,569,-1
2012-06-09,3,1,6,13,0,6,0,1,0.82,0.697,0.24,0.2836,585,-1
2012-06-09,3,1,6,14,0,6,0,1,0.82,0.697,0.23,0.194,593,-1
2012-06-09,3,1,6,15,0,6,0,1,0.84,0.7121,0.2,0.2985,555,-1
2012-06-09,3,1,6,16,0,6,0,1,0.82,0.697,0.24,0.194,534,-1
2012-06-09,3,1,6,17,0,6,0,1,0.84,0.7121,0.24,0.0,495,-1
2012-06-10,3,1,6,12,0,0,0,1,0.82,0.7121,0.3,0.0,502,-1
2012-06-11,3,1,6,17,0,1,1,2,0.8,0.7121,0.41,0.3582,800,-1
2012-06-11,3,1,6,18,0,1,1,2,0.8,0.7273,0.43,0.2985,831,-1
2012-06-13,3,1,6,8,0,3,1,2,0.62,0.5909,0.73,0.5224,713,-1
2012-06-13,3,1,6,9,0,3,1,2,0.64,0.6061,0.69,0.5821,352,-1
2012-06-13,3,1,6,16,0,3,1,1,0.72,0.6515,0.3,0.4925,392,-1
2012-06-13,3,1,6,17,0,3,1,1,0.72,0.6515,0.32,0.4925,857,-1
2012-06-13,3,1,6,18,0,3,1,1,0.72,0.6515,0.32,0.4478,744,-1
2012-06-13,3,1,6,19,0,3,1,1,0.7,0.6364,0.34,0.3881,671,-1
2012-06-14,3,1,6,17,0,4,1,1,0.72,0.6667,0.48,0.2239,867,-1
2012-06-14,3,1,6,18,0,4,1,1,0.74,0.6667,0.42,0.194,823,-1
2012-06-15,3,1,6,17,0,5,1,1,0.74,0.6515,0.37,0.2836,823,-1
2012-06-17,3,1,6,12,0,0,0,1,0.62,0.6212,0.57,0.0,615,-1
2012-06-17,3,1,6,14,0,0,0,1,0.64,0.6212,0.53,0.0,582,-1
2012-06-19,3,1,6,17,0,2,1,1,0.8,0.7576,0.55,0.194,811,-1
2012-06-19,3,1,6,18,0,2,1,1,0.8,0.7576,0.55,0.1642,795,-1
2012-06-20,3,1,6,7,0,3,1,2,0.66,0.5909,0.89,0.0,464,-1
2012-06-20,3,1,6,8,0,3,1,2,0.7,0.6667,0.79,0.1045,643,-1
2012-06-20,3,1,6,15,0,3,1,1,0.9,0.8182,0.35,0.0,179,-1
2012-06-20,3,1,6,17,0,3,1,1,0.9,0.8182,0.37,0.0,691,-1
2012-06-20,3,1,6,18,0,3,1,1,0.9,0.8182,0.37,0.0,672,-1
2012-06-21,3,1,6,8,0,4,1,1,0.74,0.697,0.7,0.0,590,-1
2012-06-21,3,1,6,13,0,4,1,1,0.9,0.8182,0.35,0.0,172,-1
2012-06-21,3,1,6,17,0,4,1,1,0.88,0.7879,0.37,0.0,615,-1
2012-06-22,3,1,6,19,0,5,1,2,0.76,0.697,0.55,0.5224,362,-1
2012-06-22,3,1,6,20,0,5,1,2,0.76,0.697,0.55,0.5224,202,-1
2012-06-23,3,1,6,16,0,6,0,1,0.84,0.7121,0.26,0.2985,513,-1
2012-06-25,3,1,6,17,0,1,1,1,0.8,0.6818,0.24,0.4627,833,-1
2012-06-25,3,1,6,18,0,1,1,1,0.76,0.6667,0.27,0.4478,791,-1
2012-06-25,3,1,6,19,0,1,1,1,0.74,0.6515,0.27,0.4627,582,-1
2012-06-25,3,1,6,20,0,1,1,1,0.72,0.6515,0.3,0.4478,475,-1
2012-06-26,3,1,6,16,0,2,1,1,0.72,0.6364,0.26,0.4925,416,-1
2012-06-26,3,1,6,17,0,2,1,1,0.72,0.6515,0.28,0.4179,900,-1
2012-06-26,3,1,6,18,0,2,1,1,0.72,0.6515,0.28,0.3582,824,-1
2012-06-27,3,1,6,14,0,3,1,1,0.8,0.6818,0.24,0.3582,270,-1
2012-06-27,3,1,6,15,0,3,1,1,0.8,0.697,0.26,0.4627,249,-1
2012-06-27,3,1,6,16,0,3,1,1,0.82,0.697,0.24,0.4478,392,-1
2012-06-27,3,1,6,17,0,3,1,1,0.82,0.697,0.24,0.3881,843,-1
2012-06-27,3,1,6,18,0,3,1,1,0.8,0.697,0.27,0.3284,804,-1
2012-06-27,3,1,6,19,0,3,1,1,0.78,0.6818,0.29,0.3284,643,-1
2012-06-28,3,1,6,14,0,4,1,1,0.86,0.7273,0.25,0.3284,254,-1
2012-06-28,3,1,6,15,0,4,1,1,0.86,0.7273,0.25,0.3284,219,-1
2012-06-28,3,1,6,16,0,4,1,1,0.88,0.7424,0.23,0.194,387,-1
2012-06-28,3,1,6,17,0,4,1,1,0.88,0.7424,0.22,0.194,705,-1
2012-06-28,3,1,6,18,0,4,1,1,0.86,0.7273,0.25,0.2239,697,-1
2012-06-29,3,1,6,15,0,5,1,1,0.96,0.9091,0.36,0.0,230,-1
2012-06-29,3,1,6,16,0,5,1,1,0.96,0.9091,0.36,0.0,351,-1
2012-06-29,3,1,6,17,0,5,1,1,0.98,0.9242,0.34,0.194,539,-1
2012-06-29,3,1,6,18,0,5,1,1,0.96,0.8636,0.31,0.0,464,-1
2012-06-30,3,1,6,18,0,6,0,1,0.88,0.7879,0.35,0.0,339,-1
2012-07-01,3,1,7,17,0,0,0,1,0.92,0.803,0.26,0.2985,413,-1
2012-07-02,3,1,7,17,0,1,1,1,0.84,0.7273,0.32,0.1343,747,-1
2012-07-02,3,1,7,18,0,1,1,1,0.84,0.7273,0.32,0.1642,730,-1
2012-07-03,3,1,7,13,0,2,1,1,0.9,0.7727,0.25,0.1343,283,-1
2012-07-03,3,1,7,14,0,2,1,1,0.9,0.7727,0.25,0.194,310,-1
2012-07-03,3,1,7,15,0,2,1,2,0.9,0.7727,0.24,0.0,401,-1
2012-07-03,3,1,7,16,0,2,1,2,0.9,0.7727,0.24,0.194,527,-1
2012-07-03,3,1,7,17,0,2,1,2,0.86,0.7424,0.3,0.1642,722,-1
2012-07-03,3,1,7,18,0,2,1,2,0.86,0.7424,0.3,0.0,627,-1
2012-07-04,3,1,7,10,1,3,0,1,0.8,0.7273,0.46,0.0,447,-1
2012-07-04,3,1,7,13,1,3,0,1,0.9,0.8182,0.35,0.0,499,-1
2012-07-05,3,1,7,17,0,4,1,1,0.92,0.8485,0.35,0.1642,689,-1
2012-07-05,3,1,7,18,0,4,1,2,0.9,0.8333,0.39,0.3284,607,-1
2012-07-06,3,1,7,10,0,5,1,1,0.86,0.7424,0.3,0.0,210,-1
2012-07-06,3,1,7,13,0,5,1,1,0.9,0.7879,0.27,0.1045,293,-1
2012-07-06,3,1,7,16,0,5,1,1,0.92,0.8182,0.29,0.1045,369,-1
2012-07-06,3,1,7,17,0,5,1,1,0.92,0.8182,0.29,0.0,576,-1
2012-07-06,3,1,7,18,0,5,1,1,0.9,0.803,0.33,0.2537,560,-1
2012-07-07,3,1,7,12,0,6,0,1,0.96,0.8636,0.31,0.3582,342,-1
2012-07-07,3,1,7,14,0,6,0,2,0.96,0.8636,0.3,0.1343,308,-1
2012-07-07,3,1,7,15,0,6,0,1,0.96,0.8485,0.26,0.0,306,-1
2012-07-07,3,1,7,16,0,6,0,1,1.0,0.8636,0.19,0.1642,294,-1
2012-07-07,3,1,7,17,0,6,0,1,0.96,0.8485,0.26,0.1343,279,-1
2012-07-07,3,1,7,18,0,6,0,1,0.94,0.8333,0.29,0.0896,277,-1
2012-07-08,3,1,7,7,0,0,0,1,0.8,0.803,0.66,0.0,52,-1
2012-07-08,3,1,7,10,0,0,0,1,0.9,0.8636,0.45,0.0,319,-1
2012-07-09,3,1,7,17,0,1,1,1,0.78,0.697,0.4,0.1642,849,-1
2012-07-09,3,1,7,18,0,1,1,1,0.76,0.6818,0.48,0.1343,872,-1
2012-07-10,3,1,7,17,0,2,1,1,0.78,0.7121,0.49,0.194,872,-1
2012-07-10,3,1,7,18,0,2,1,3,0.7,0.6667,0.74,0.2239,819,-1
2012-07-11,3,1,7,17,0,3,1,1,0.8,0.697,0.31,0.2239,830,-1
2012-07-11,3,1,7,18,0,3,1,1,0.78,0.6818,0.38,0.2537,814,-1
2012-07-12,3,1,7,17,0,4,1,1,0.76,0.6818,0.43,0.2239,795,-1
2012-07-12,3,1,7,18,0,4,1,1,0.76,0.6818,0.45,0.1343,825,-1
2012-07-13,3,1,7,8,0,5,1,2,0.7,0.6515,0.54,0.0,713,-1
2012-07-13,3,1,7,14,0,5,1,2,0.8,0.7121,0.38,0.0,369,-1
2012-07-13,3,1,7,17,0,5,1,2,0.8,0.7121,0.36,0.1642,835,-1
2012-07-15,3,1,7,17,0,0,0,1,0.8,0.7727,0.59,0.4925,436,-1
2012-07-16,3,1,7,16,0,1,1,3,0.76,0.7273,0.66,0.5821,386,-1
2012-07-16,3,1,7,17,0,1,1,3,0.76,0.7273,0.66,0.5821,755,-1
2012-07-16,3,1,7,18,0,1,1,1,0.84,0.803,0.53,0.0,794,-1
2012-07-17,3,1,7,7,0,2,1,2,0.74,0.697,0.7,0.0,526,-1
2012-07-17,3,1,7,8,0,2,1,2,0.8,0.7576,0.55,0.0,661,-1
2012-07-17,3,1,7,12,0,2,1,2,0.9,0.8182,0.35,0.0,254,-1
2012-07-17,3,1,7,17,0,2,1,1,0.92,0.8182,0.29,0.0,770,-1
2012-07-17,3,1,7,18,0,2,1,1,0.9,0.803,0.33,0.194,772,-1
2012-07-18,3,1,7,8,0,3,1,1,0.78,0.7424,0.62,0.1045,679,-1
2012-07-18,3,1,7,11,0,3,1,1,0.9,0.8485,0.42,0.0,183,-1
2012-07-18,3,1,7,13,0,3,1,1,0.94,0.8485,0.33,0.0,203,-1
2012-07-19,3,1,7,17,0,4,1,1,0.86,0.7879,0.41,0.0,771,-1
2012-07-19,3,1,7,18,0,4,1,1,0.86,0.7879,0.41,0.194,777,-1
2012-07-20,3,1,7,17,0,5,1,2,0.66,0.5909,0.89,0.4179,715,-1
2012-07-23,3,1,7,8,0,1,1,1,0.72,0.697,0.79,0.1045,738,-1
2012-07-23,3,1,7,17,0,1,1,1,0.82,0.7727,0.52,0.1343,847,-1
2012-07-23,3,1,7,18,0,1,1,1,0.82,0.7576,0.46,0.1045,741,-1
2012-07-24,3,1,7,17,0,2,1,1,0.8,0.7424,0.52,0.3284,869,-1
2012-07-24,3,1,7,18,0,2,1,1,0.76,0.7121,0.62,0.3284,877,-1
2012-07-25,3,1,7,17,0,3,1,1,0.8,0.697,0.31,0.0,913,-1
2012-07-25,3,1,7,18,0,3,1,1,0.8,0.697,0.27,0.1343,891,-1
2012-07-26,3,1,7,16,0,4,1,1,0.94,0.8788,0.38,0.3881,374,-1
2012-07-26,3,1,7,17,0,4,1,1,0.9,0.8636,0.45,0.4179,738,-1
2012-07-26,3,1,7,18,0,4,1,1,0.92,0.8788,0.4,0.3582,688,-1
2012-07-26,3,1,7,19,0,4,1,1,0.9,0.8636,0.45,0.3284,614,-1
2012-07-26,3,1,7,21,0,4,1,1,0.8,0.7424,0.49,0.6119,271,-1
2012-07-26,3,1,7,22,0,4,1,1,0.8,0.7424,0.49,0.6119,234,-1
2012-07-27,3,1,7,8,0,5,1,1,0.76,0.7273,0.66,0.0896,676,-1
2012-07-27,3,1,7,17,0,5,1,1,0.86,0.7879,0.41,0.2836,699,-1
2012-07-30,3,1,7,8,0,1,1,2,0.72,0.697,0.74,0.1045,751,-1
2012-07-30,3,1,7,17,0,1,1,1,0.76,0.697,0.55,0.3284,827,-1
2012-07-30,3,1,7,18,0,1,1,1,0.76,0.7121,0.58,0.4179,812,-1
2012-07-31,3,1,7,8,0,2,1,1,0.7,0.6667,0.79,0.1343,760,-1
2012-07-31,3,1,7,17,0,2,1,1,0.78,0.7121,0.52,0.2239,820,-1
2012-07-31,3,1,7,18,0,2,1,1,0.76,0.697,0.55,0.2836,857,-1
2012-08-01,3,1,8,17,0,3,1,1,0.8,0.7424,0.49,0.1642,837,-1
2012-08-01,3,1,8,18,0,3,1,3,0.76,0.7121,0.62,0.2239,891,-1
2012-08-02,3,1,8,7,0,4,1,1,0.7,0.6667,0.79,0.0,473,-1
2012-08-02,3,1,8,8,0,4,1,1,0.72,0.697,0.74,0.1045,739,-1
2012-08-02,3,1,8,17,0,4,1,1,0.82,0.7727,0.52,0.2537,865,-1
2012-08-02,3,1,8,18,0,4,1,1,0.8,0.7727,0.59,0.2239,767,-1
2012-08-02,3,1,8,20,0,4,1,1,0.78,0.7576,0.66,0.0,427,-1
2012-08-03,3,1,8,17,0,5,1,2,0.84,0.803,0.53,0.2836,741,-1
2012-08-04,3,1,8,12,0,6,0,1,0.86,0.7879,0.4,0.3582,547,-1
2012-08-04,3,1,8,14,0,6,0,1,0.88,0.803,0.4,0.3881,472,-1
2012-08-04,3,1,8,15,0,6,0,1,0.88,0.8182,0.42,0.4179,489,-1
2012-08-05,3,1,8,12,0,0,0,1,0.86,0.803,0.47,0.5224,491,-1
2012-08-05,3,1,8,13,0,0,0,1,0.88,0.8182,0.44,0.4627,523,-1
2012-08-05,3,1,8,14,0,0,0,1,0.9,0.8485,0.42,0.4627,526,-1
2012-08-05,3,1,8,15,0,0,0,1,0.9,0.8182,0.37,0.5224,450,-1
2012-08-06,3,1,8,8,0,1,1,2,0.7,0.6667,0.79,0.0,605,-1
2012-08-06,3,1,8,17,0,1,1,1,0.82,0.7424,0.41,0.0,858,-1
2012-08-06,3,1,8,18,0,1,1,1,0.82,0.7424,0.41,0.1343,843,-1
2012-08-07,3,1,8,17,0,2,1,2,0.78,0.7424,0.62,0.1343,868,-1
2012-08-07,3,1,8,18,0,2,1,2,0.76,0.7121,0.62,0.1642,814,-1
2012-08-08,3,1,8,8,0,3,1,2,0.74,0.7273,0.72,0.0896,737,-1
2012-08-08,3,1,8,17,0,3,1,2,0.8,0.7576,0.55,0.2836,858,-1
2012-08-08,3,1,8,18,0,3,1,2,0.78,0.7273,0.55,0.1642,862,-1
2012-08-09,3,1,8,8,0,4,1,1,0.72,0.697,0.74,0.1045,698,-1
2012-08-09,3,1,8,17,0,4,1,1,0.86,0.7576,0.36,0.2537,810,-1
2012-08-09,3,1,8,18,0,4,1,2,0.82,0.7576,0.46,0.2537,811,-1
2012-08-12,3,1,8,13,0,0,0,1,0.78,0.697,0.4,0.0,543,-1
2012-08-12,3,1,8,17,0,0,0,1,0.8,0.697,0.33,0.0,505,-1
2012-08-13,3,1,8,17,0,1,1,1,0.8,0.7121,0.36,0.1642,818,-1
2012-08-13,3,1,8,18,0,1,1,1,0.76,0.697,0.52,0.2836,812,-1
2012-08-14,3,1,8,8,0,2,1,2,0.66,0.5909,0.89,0.0896,618,-1
2012-08-14,3,1,8,17,0,2,1,3,0.76,0.7273,0.66,0.2537,812,-1
2012-08-14,3,1,8,18,0,2,1,1,0.76,0.7121,0.62,0.2836,854,-1
2012-08-15,3,1,8,17,0,3,1,1,0.74,0.6818,0.55,0.2836,851,-1
2012-08-15,3,1,8,18,0,3,1,1,0.74,0.6667,0.51,0.2239,848,-1
2012-08-16,3,1,8,14,0,4,1,1,0.82,0.7121,0.32,0.0,248,-1
2012-08-16,3,1,8,17,0,4,1,1,0.82,0.7273,0.34,0.194,897,-1
2012-08-16,3,1,8,18,0,4,1,1,0.8,0.7121,0.36,0.0,832,-1
2012-08-17,3,1,8,14,0,5,1,1,0.86,0.2424,0.34,0.4179,328,-1
2012-08-17,3,1,8,15,0,5,1,1,0.86,0.2424,0.3,0.4627,383,-1
2012-08-17,3,1,8,16,0,5,1,2,0.84,0.2424,0.32,0.4478,488,-1
2012-08-17,3,1,8,17,0,5,1,1,0.82,0.2424,0.36,0.3284,791,-1
2012-08-20,3,1,8,17,0,1,1,1,0.7,0.6515,0.58,0.2836,893,-1
2012-08-20,3,1,8,18,0,1,1,2,0.62,0.5909,0.78,0.2537,815,-1
2012-08-21,3,1,8,16,0,2,1,1,0.76,0.6667,0.37,0.0,467,-1
2012-08-21,3,1,8,17,0,2,1,1,0.74,0.6667,0.51,0.2836,878,-1
2012-08-22,3,1,8,7,0,3,1,1,0.62,0.5909,0.78,0.0,553,-1
2012-08-22,3,1,8,8,0,3,1,1,0.64,0.6061,0.73,0.0896,740,-1
2012-08-22,3,1,8,19,0,3,1,2,0.66,0.6212,0.74,0.0,580,-1
2012-08-23,3,1,8,8,0,4,1,2,0.66,0.6212,0.74,0.0896,707,-1
2012-08-23,3,1,8,17,0,4,1,1,0.76,0.6818,0.45,0.2239,820,-1
2012-08-23,3,1,8,18,0,4,1,1,0.74,0.6667,0.48,0.2239,941,-1
2012-08-24,3,1,8,8,0,5,1,2,0.66,0.6212,0.74,0.0,744,-1
2012-08-24,3,1,8,17,0,5,1,2,0.74,0.6667,0.51,0.2239,812,-1
2012-08-25,3,1,8,18,0,6,0,2,0.66,0.6212,0.69,0.4627,383,-1
2012-08-26,3,1,8,12,0,0,0,3,0.72,0.697,0.74,0.3582,626,-1
2012-08-26,3,1,8,13,0,0,0,3,0.66,0.6061,0.78,0.4179,541,-1
2012-08-27,3,1,8,8,0,1,1,1,0.66,0.6061,0.83,0.0896,699,-1
2012-08-27,3,1,8,17,0,1,1,1,0.8,0.7273,0.46,0.2239,845,-1
2012-08-27,3,1,8,18,0,1,1,1,0.78,0.7121,0.52,0.2537,834,-1
2012-08-28,3,1,8,8,0,2,1,2,0.66,0.6212,0.85,0.1045,693,-1
2012-08-28,3,1,8,17,0,2,1,1,0.8,0.697,0.35,0.3881,864,-1
2012-08-28,3,1,8,18,0,2,1,1,0.78,0.697,0.4,0.2537,818,-1
2012-08-29,3,1,8,17,0,3,1,1,0.78,0.6818,0.35,0.2239,870,-1
2012-08-29,3,1,8,18,0,3,1,1,0.74,0.6667,0.42,0.1642,812,-1
2012-08-30,3,1,8,8,0,4,1,1,0.66,0.6212,0.65,0.0,754,-1
2012-08-30,3,1,8,17,0,4,1,1,0.82,0.7273,0.34,0.2239,844,-1
2012-08-30,3,1,8,18,0,4,1,1,0.8,0.7121,0.38,0.1343,853,-1
2012-08-31,3,1,8,8,0,5,1,2,0.7,0.6667,0.74,0.0,690,-1
2012-08-31,3,1,8,14,0,5,1,1,0.9,0.7727,0.25,0.2239,436,-1
2012-08-31,3,1,8,15,0,5,1,1,0.9,0.7879,0.27,0.2985,526,-1
2012-08-31,3,1,8,16,0,5,1,1,0.9,0.7879,0.27,0.2537,528,-1
2012-08-31,3,1,8,17,0,5,1,1,0.88,0.7727,0.32,0.1642,617,-1
2012-09-01,4,1,9,17,0,6,0,2,0.82,0.7727,0.52,0.0,463,-1
2012-09-01,4,1,9,18,0,6,0,2,0.82,0.7727,0.52,0.0,442,-1
2012-09-02,4,1,9,11,0,0,0,2,0.74,0.697,0.7,0.0,489,-1
2012-09-02,4,1,9,12,0,0,0,3,0.74,0.697,0.7,0.0,545,-1
2012-09-02,4,1,9,16,0,0,0,1,0.74,0.697,0.7,0.0,474,-1
2012-09-02,4,1,9,18,0,0,0,1,0.74,0.7121,0.74,0.0,500,-1
2012-09-04,4,1,9,16,0,2,1,1,0.76,0.7273,0.7,0.4179,458,-1
2012-09-04,4,1,9,17,0,2,1,1,0.76,0.7273,0.7,0.3582,856,-1
2012-09-04,4,1,9,18,0,2,1,1,0.76,0.7424,0.75,0.2239,839,-1
2012-09-05,4,1,9,17,0,3,1,1,0.76,0.7273,0.66,0.2537,863,-1
2012-09-05,4,1,9,18,0,3,1,1,0.76,0.7424,0.75,0.194,839,-1
2012-09-06,4,1,9,8,0,4,1,3,0.7,0.6667,0.79,0.0,646,-1
2012-09-06,4,1,9,17,0,4,1,1,0.74,0.697,0.7,0.2537,808,-1
2012-09-06,4,1,9,18,0,4,1,1,0.72,0.6818,0.7,0.2537,835,-1
2012-09-07,4,1,9,8,0,5,1,1,0.66,0.6061,0.83,0.1045,719,-1
2012-09-07,4,1,9,17,0,5,1,1,0.78,0.7424,0.59,0.3284,772,-1
2012-09-07,4,1,9,18,0,5,1,1,0.76,0.7121,0.62,0.2985,792,-1
2012-09-08,4,1,9,11,0,6,0,1,0.76,0.7121,0.62,0.4478,578,-1
2012-09-08,4,1,9,12,0,6,0,1,0.8,0.7576,0.55,0.4925,694,-1
2012-09-08,4,1,9,13,0,6,0,1,0.82,0.7727,0.52,0.5224,668,-1
2012-09-08,4,1,9,14,0,6,0,1,0.82,0.7727,0.52,0.4478,626,-1
2012-09-09,4,1,9,12,0,0,0,1,0.66,0.6212,0.47,0.0,757,-1
2012-09-09,4,1,9,13,0,0,0,1,0.68,0.6364,0.39,0.0,729,-1
2012-09-10,4,1,9,17,0,1,1,1,0.66,0.6212,0.34,0.3284,871,-1
2012-09-10,4,1,9,18,0,1,1,1,0.62,0.6212,0.35,0.2985,968,-1
2012-09-11,4,1,9,8,0,2,1,1,0.54,0.5152,0.68,0.0896,750,-1
2012-09-11,4,1,9,17,0,2,1,1,0.7,0.6364,0.28,0.0,970,-1
2012-09-11,4,1,9,18,0,2,1,1,0.64,0.6212,0.36,0.1642,877,-1
2012-09-12,4,1,9,7,0,3,1,1,0.52,0.5,0.72,0.0,557,-1
2012-09-12,4,1,9,8,0,3,1,1,0.56,0.5303,0.64,0.1045,770,-1
2012-09-12,4,1,9,17,0,3,1,1,0.7,0.6364,0.41,0.2985,925,-1
2012-09-12,4,1,9,18,0,3,1,1,0.66,0.6212,0.44,0.2537,977,-1
2012-09-13,4,1,9,7,0,4,1,1,0.54,0.5152,0.77,0.0,571,-1
2012-09-13,4,1,9,8,0,4,1,1,0.56,0.5303,0.73,0.0,758,-1
2012-09-13,4,1,9,17,0,4,1,1,0.72,0.6515,0.42,0.194,884,-1
2012-09-13,4,1,9,18,0,4,1,1,0.68,0.6364,0.57,0.2537,852,-1
2012-09-14,4,1,9,8,0,5,1,2,0.6,0.5758,0.78,0.1642,766,-1
2012-09-14,4,1,9,16,0,5,1,2,0.72,0.6667,0.51,0.0,563,-1
2012-09-14,4,1,9,17,0,5,1,1,0.72,0.6667,0.51,0.194,894,-1
2012-09-14,4,1,9,18,0,5,1,1,0.72,0.6515,0.45,0.2239,808,-1
2012-09-15,4,1,9,5,0,6,0,1,0.58,0.5455,0.6,0.5224,16,-1
2012-09-15,4,1,9,11,0,6,0,1,0.64,0.6212,0.38,0.3881,627,-1
2012-09-15,4,1,9,12,0,6,0,1,0.66,0.6212,0.36,0.3582,706,-1
2012-09-15,4,1,9,14,0,6,0,1,0.68,0.6364,0.34,0.3284,715,-1
2012-09-15,4,1,9,16,0,6,0,2,0.66,0.6212,0.36,0.2239,783,-1
2012-09-16,4,1,9,17,0,0,0,1,0.66,0.6212,0.41,0.0,570,-1
2012-09-17,4,1,9,8,0,1,1,1,0.54,0.5152,0.77,0.0896,683,-1
2012-09-17,4,1,9,17,0,1,1,2,0.64,0.6061,0.65,0.2239,842,-1
2012-09-18,4,1,9,7,0,2,1,2,0.64,0.5758,0.89,0.4478,356,-1
2012-09-18,4,1,9,8,0,2,1,2,0.66,0.6061,0.83,0.5522,672,-1
2012-09-18,4,1,9,9,0,2,1,2,0.66,0.6061,0.83,0.5821,293,-1
2012-09-18,4,1,9,10,0,2,1,3,0.68,0.6364,0.79,0.6418,160,-1
2012-09-18,4,1,9,11,0,2,1,2,0.68,0.6364,0.79,0.6418,151,-1
2012-09-18,4,1,9,13,0,2,1,2,0.7,0.6667,0.74,0.5821,114,-1
2012-09-18,4,1,9,14,0,2,1,3,0.6,0.5152,0.94,0.4627,143,-1
2012-09-19,4,1,9,8,0,3,1,1,0.52,0.5,0.59,0.2239,797,-1
2012-09-19,4,1,9,17,0,3,1,1,0.6,0.6212,0.38,0.2239,886,-1
2012-09-19,4,1,9,18,0,3,1,1,0.58,0.5455,0.4,0.2836,892,-1
2012-09-20,4,1,9,8,0,4,1,1,0.5,0.4848,0.68,0.0896,790,-1
2012-09-20,4,1,9,17,0,4,1,1,0.64,0.6212,0.5,0.2239,976,-1
2012-09-20,4,1,9,18,0,4,1,1,0.6,0.6212,0.56,0.2537,900,-1
2012-09-21,4,1,9,17,0,5,1,1,0.68,0.6364,0.57,0.2836,846,-1
2012-09-21,4,1,9,18,0,5,1,1,0.66,0.6212,0.61,0.2537,805,-1
2012-09-22,4,1,9,13,0,6,0,1,0.74,0.6667,0.51,0.3582,707,-1
2012-09-22,4,1,9,15,0,6,0,1,0.74,0.6667,0.48,0.3881,750,-1
2012-09-23,4,1,9,12,0,0,0,1,0.56,0.5303,0.43,0.1045,776,-1
2012-09-23,4,1,9,17,0,0,0,1,0.56,0.5303,0.35,0.2985,723,-1
2012-09-24,4,1,9,17,0,1,1,1,0.58,0.5455,0.3,0.0,898,-1
2012-09-24,4,1,9,18,0,1,1,1,0.54,0.5152,0.37,0.1642,853,-1
2012-09-25,4,1,9,8,0,2,1,1,0.48,0.4697,0.67,0.194,805,-1
2012-09-25,4,1,9,17,0,2,1,1,0.66,0.6212,0.39,0.2836,967,-1
2012-09-25,4,1,9,18,0,2,1,1,0.64,0.6212,0.41,0.2239,822,-1
2012-09-26,4,1,9,8,0,3,1,1,0.56,0.5303,0.73,0.2985,838,-1
2012-09-26,4,1,9,17,0,3,1,1,0.74,0.6667,0.48,0.2985,953,-1
2012-09-26,4,1,9,18,0,3,1,1,0.74,0.6667,0.48,0.2239,884,-1
2012-09-27,4,1,9,7,0,4,1,1,0.6,0.5758,0.78,0.0,558,-1
2012-09-27,4,1,9,8,0,4,1,1,0.62,0.6061,0.71,0.0896,794,-1
2012-09-27,4,1,9,17,0,4,1,2,0.66,0.6212,0.69,0.2985,905,-1
2012-09-27,4,1,9,18,0,4,1,2,0.66,0.6212,0.69,0.2239,899,-1
2012-09-28,4,1,9,7,0,5,1,2,0.56,0.5303,0.94,0.0,394,-1
2012-09-28,4,1,9,8,0,5,1,1,0.6,0.5606,0.83,0.0896,705,-1
2012-09-28,4,1,9,17,0,5,1,2,0.66,0.6212,0.54,0.2985,808,-1
2012-09-29,4,1,9,14,0,6,0,1,0.6,0.6212,0.4,0.2537,750,-1
2012-09-29,4,1,9,17,0,6,0,1,0.6,0.6212,0.38,0.3582,712,-1
2012-10-01,4,1,10,8,0,1,1,2,0.46,0.4545,0.77,0.1045,784,-1
2012-10-01,4,1,10,17,0,1,1,3,0.56,0.5303,0.6,0.2537,856,-1
2012-10-02,4,1,10,17,0,2,1,3,0.62,0.5606,0.88,0.1045,715,-1
2012-10-02,4,1,10,18,0,2,1,3,0.62,0.5455,0.94,0.0896,687,-1
2012-10-02,4,1,10,19,0,2,1,3,0.62,0.5455,0.94,0.0,395,-1
2012-10-03,4,1,10,4,0,3,1,2,0.6,0.5,1.0,0.0,11,-1
2012-10-03,4,1,10,8,0,3,1,2,0.62,0.5606,0.88,0.1045,809,-1
2012-10-03,4,1,10,17,0,3,1,1,0.7,0.6515,0.65,0.0,917,-1
2012-10-03,4,1,10,18,0,3,1,1,0.7,0.6515,0.65,0.0,810,-1
2012-10-03,4,1,10,19,0,3,1,1,0.7,0.6515,0.65,0.0,593,-1
2012-10-04,4,1,10,8,0,4,1,1,0.64,0.5758,0.89,0.0,738,-1
2012-10-04,4,1,10,17,0,4,1,1,0.7,0.6515,0.51,0.2239,901,-1
2012-10-04,4,1,10,18,0,4,1,1,0.66,0.6212,0.57,0.1045,887,-1
2012-10-05,4,1,10,8,0,5,1,1,0.58,0.5455,0.64,0.0,785,-1
2012-10-05,4,1,10,16,0,5,1,1,0.72,0.6515,0.37,0.0,634,-1
2012-10-05,4,1,10,17,0,5,1,1,0.7,0.6364,0.42,0.1642,900,-1
2012-10-06,4,1,10,13,0,6,0,2,0.64,0.6212,0.57,0.5224,710,-1
2012-10-06,4,1,10,14,0,6,0,2,0.6,0.6212,0.56,0.4179,576,-1
2012-10-06,4,1,10,15,0,6,0,1,0.6,0.6212,0.46,0.4179,620,-1
2012-10-06,4,1,10,16,0,6,0,1,0.6,0.6212,0.43,0.5224,659,-1
2012-10-09,4,1,10,8,0,2,1,2,0.42,0.4242,0.8,0.194,713,-1
2012-10-09,4,1,10,17,0,2,1,2,0.52,0.5,0.68,0.1642,806,-1
2012-10-10,4,1,10,8,0,3,1,1,0.5,0.4848,0.77,0.1642,839,-1
2012-10-10,4,1,10,17,0,3,1,1,0.58,0.5455,0.43,0.2239,948,-1
2012-10-10,4,1,10,18,0,3,1,2,0.56,0.5303,0.49,0.1642,844,-1
2012-10-10,4,1,10,19,0,3,1,2,0.56,0.5303,0.46,0.5821,566,-1
2012-10-11,4,1,10,8,0,4,1,1,0.38,0.3939,0.46,0.3881,798,-1
2012-10-11,4,1,10,17,0,4,1,1,0.5,0.4848,0.39,0.2836,827,-1
2012-10-12,4,1,10,8,0,5,1,1,0.42,0.4242,0.71,0.0896,745,-1
2012-10-12,4,1,10,17,0,5,1,1,0.46,0.4545,0.38,0.3881,837,-1
2012-10-13,4,1,10,12,0,6,0,1,0.44,0.4394,0.35,0.0,573,-1
2012-10-14,4,1,10,13,0,0,0,1,0.64,0.6212,0.41,0.4478,619,-1
2012-10-14,4,1,10,14,0,0,0,1,0.66,0.6212,0.39,0.4179,617,-1
2012-10-14,4,1,10,15,0,0,0,1,0.66,0.6212,0.39,0.4179,568,-1
2012-10-15,4,1,10,8,0,1,1,2,0.6,0.6061,0.64,0.3881,737,-1
2012-10-16,4,1,10,8,0,2,1,1,0.44,0.4394,0.62,0.0,835,-1
2012-10-16,4,1,10,17,0,2,1,1,0.52,0.5,0.39,0.194,943,-1
2012-10-16,4,1,10,18,0,2,1,1,0.5,0.4848,0.42,0.1642,838,-1
2012-10-16,4,1,10,19,0,2,1,1,0.48,0.4697,0.48,0.0,531,-1
2012-10-17,4,1,10,8,0,3,1,2,0.4,0.4091,0.76,0.0,817,-1
2012-10-17,4,1,10,17,0,3,1,1,0.54,0.5152,0.56,0.1045,888,-1
2012-10-17,4,1,10,18,0,3,1,1,0.52,0.5,0.59,0.1642,884,-1
2012-10-18,4,1,10,8,0,4,1,1,0.46,0.4545,0.82,0.2537,834,-1
2012-10-18,4,1,10,17,0,4,1,2,0.58,0.5455,0.64,0.3284,890,-1
2012-10-18,4,1,10,18,0,4,1,2,0.56,0.5303,0.64,0.3284,788,-1
2012-10-20,4,1,10,14,0,6,0,1,0.56,0.5303,0.4,0.0,711,-1
2012-10-20,4,1,10,15,0,6,0,1,0.56,0.5303,0.43,0.0,711,-1
2012-10-22,4,1,10,8,0,1,1,1,0.44,0.4394,0.67,0.0,728,-1
2012-10-22,4,1,10,17,0,1,1,1,0.62,0.6212,0.33,0.1045,922,-1
2012-10-22,4,1,10,18,0,1,1,1,0.54,0.5152,0.64,0.1045,786,-1
2012-10-23,4,1,10,8,0,2,1,2,0.46,0.4545,0.72,0.0896,761,-1
2012-10-23,4,1,10,17,0,2,1,1,0.68,0.6364,0.41,0.0,938,-1
2012-10-23,4,1,10,18,0,2,1,1,0.62,0.6212,0.53,0.0896,826,-1
2012-10-24,4,1,10,8,0,3,1,2,0.52,0.5,0.83,0.1045,801,-1
2012-10-24,4,1,10,17,0,3,1,1,0.66,0.6212,0.47,0.0,963,-1
2012-10-24,4,1,10,18,0,3,1,1,0.66,0.6212,0.44,0.0,858,-1
2012-10-25,4,1,10,8,0,4,1,2,0.52,0.5,0.83,0.1642,779,-1
2012-10-25,4,1,10,17,0,4,1,1,0.6,0.5909,0.69,0.1642,886,-1
2012-10-25,4,1,10,18,0,4,1,1,0.56,0.5303,0.83,0.1045,809,-1
2012-10-26,4,1,10,8,0,5,1,2,0.54,0.5152,0.88,0.1343,734,-1
2012-10-26,4,1,10,17,0,5,1,2,0.56,0.5303,0.76,0.194,817,-1
2012-10-27,4,1,10,13,0,6,0,1,0.6,0.6212,0.43,0.2537,760,-1
2012-10-28,4,1,10,8,0,0,0,2,0.5,0.4848,0.59,0.5522,173,-1
2012-10-28,4,1,10,12,0,0,0,2,0.48,0.4697,0.59,0.4925,491,-1
2012-10-28,4,1,10,17,0,0,0,3,0.46,0.4545,0.77,0.5224,225,-1
2012-10-28,4,1,10,18,0,0,0,3,0.42,0.4242,0.94,0.4925,154,-1
2012-10-28,4,1,10,20,0,0,0,3,0.42,0.4242,0.94,0.4627,55,-1
2012-10-31,4,1,10,8,0,3,1,1,0.32,0.3333,0.81,0.1343,621,-1
2012-11-02,4,1,11,8,0,5,1,1,0.32,0.3333,0.57,0.1045,687,-1
2012-11-08,4,1,11,8,0,4,1,1,0.3,0.2879,0.33,0.2836,668,-1
2012-11-08,4,1,11,12,0,4,1,1,0.4,0.4091,0.24,0.4925,235,-1
2012-11-08,4,1,11,13,0,4,1,1,0.44,0.4394,0.18,0.4179,228,-1
2012-11-08,4,1,11,14,0,4,1,1,0.44,0.4394,0.18,0.4179,182,-1
2012-11-08,4,1,11,15,0,4,1,1,0.44,0.4394,0.18,0.4179,233,-1
2012-11-08,4,1,11,16,0,4,1,1,0.42,0.4242,0.16,0.3881,339,-1
2012-11-08,4,1,11,17,0,4,1,1,0.4,0.4091,0.2,0.2985,592,-1
2012-11-08,4,1,11,18,0,4,1,1,0.4,0.4091,0.24,0.4179,507,-1
2012-11-10,4,1,11,12,0,6,0,1,0.48,0.4697,0.48,0.0,606,-1
2012-11-10,4,1,11,13,0,6,0,1,0.52,0.5,0.39,0.0,651,-1
2012-11-10,4,1,11,14,0,6,0,1,0.54,0.5152,0.37,0.0,627,-1
2012-11-10,4,1,11,15,0,6,0,1,0.52,0.5,0.45,0.0,567,-1
2012-11-10,4,1,11,16,0,6,0,1,0.54,0.5152,0.37,0.0,605,-1
2012-11-13,4,1,11,1,0,2,1,3,0.44,0.4394,0.88,0.6418,5,-1
2012-11-14,4,1,11,8,0,3,1,1,0.28,0.2576,0.56,0.2985,691,-1
2012-11-21,4,1,11,8,0,3,1,2,0.28,0.303,0.81,0.0896,551,-1
2012-11-23,4,1,11,22,0,5,1,1,0.44,0.4394,0.33,0.5224,79,-1
2012-11-24,4,1,11,2,0,6,0,1,0.32,0.2727,0.39,0.6119,32,-1
2012-11-24,4,1,11,12,0,6,0,2,0.3,0.2576,0.36,0.6119,199,-1
2012-11-26,4,1,11,7,0,1,1,1,0.24,0.2879,0.65,0.0,365,-1
2012-11-26,4,1,11,8,0,1,1,1,0.24,0.2879,0.65,0.0,638,-1
2012-11-26,4,1,11,17,0,1,1,1,0.42,0.4242,0.32,0.0,553,-1
2012-11-27,4,1,11,17,0,2,1,2,0.3,0.2727,0.75,0.3881,527,-1
2012-11-27,4,1,11,18,0,2,1,1,0.26,0.2273,0.81,0.3582,482,-1
2012-11-28,4,1,11,8,0,3,1,1,0.24,0.2121,0.6,0.2836,692,-1
2012-11-29,4,1,11,7,0,4,1,1,0.2,0.2576,0.64,0.0,362,-1
2012-11-29,4,1,11,8,0,4,1,1,0.2,0.2273,0.69,0.1045,679,-1
2012-11-30,4,1,11,7,0,5,1,1,0.22,0.2727,0.8,0.0,352,-1
2012-11-30,4,1,11,8,0,5,1,2,0.22,0.2576,0.8,0.0896,729,-1
2012-12-01,1,1,12,13,0,6,0,2,0.34,0.3636,0.76,0.0,509,-1
2012-12-03,1,1,12,7,0,1,1,2,0.34,0.3636,0.93,0.0,396,-1
2012-12-03,1,1,12,8,0,1,1,1,0.36,0.3788,0.93,0.0,731,-1
2012-12-03,1,1,12,18,0,1,1,1,0.5,0.4848,0.68,0.0896,692,-1
2012-12-04,1,1,12,8,0,2,1,2,0.44,0.4394,0.88,0.1642,721,-1
2012-12-05,1,1,12,8,0,3,1,2,0.44,0.4394,0.58,0.2836,759,-1
2012-12-05,1,1,12,18,0,3,1,1,0.42,0.4242,0.35,0.4478,609,-1
2012-12-06,1,1,12,8,0,4,1,1,0.22,0.2121,0.51,0.2985,659,-1
2012-12-06,1,1,12,17,0,4,1,1,0.3,0.3182,0.45,0.1045,617,-1
2012-12-07,1,1,12,17,0,5,1,2,0.38,0.3939,0.66,0.0,568,-1
2012-12-08,1,1,12,20,0,6,0,2,0.36,0.3788,1.0,0.0,182,-1
2012-12-08,1,1,12,21,0,6,0,2,0.36,0.3788,1.0,0.0,209,-1
2012-12-10,1,1,12,8,0,1,1,2,0.42,0.4242,1.0,0.2537,584,-1
2012-12-12,1,1,12,8,0,3,1,2,0.26,0.2576,0.65,0.1642,688,-1
2012-12-13,1,1,12,8,0,4,1,1,0.24,0.2273,0.6,0.194,679,-1
2012-12-14,1,1,12,8,0,5,1,1,0.2,0.2273,0.69,0.0896,636,-1
2012-12-17,1,1,12,8,0,1,1,2,0.38,0.3939,0.87,0.1045,592,-1
2012-12-18,1,1,12,8,0,2,1,1,0.38,0.3939,0.94,0.0,662,-1
2012-12-18,1,1,12,17,0,2,1,1,0.4,0.4091,0.47,0.4478,572,-1
2012-12-19,1,1,12,8,0,3,1,1,0.24,0.2576,0.87,0.1045,678,-1
2012-12-20,1,1,12,7,0,4,1,2,0.3,0.3333,0.7,0.0,350,-1
2012-12-20,1,1,12,8,0,4,1,2,0.3,0.3333,0.7,0.0,599,-1
2012-12-21,1,1,12,6,0,5,1,2,0.34,0.2879,0.57,0.5821,80,-1
2012-12-21,1,1,12,9,0,5,1,2,0.32,0.2727,0.45,0.5522,267,-1
2012-12-22,1,1,12,0,0,6,0,1,0.26,0.2121,0.44,0.5821,31,-1
2012-12-22,1,1,12,2,0,6,0,1,0.26,0.2121,0.44,0.5224,23,-1
2012-12-22,1,1,12,8,0,6,0,1,0.26,0.2121,0.44,0.6119,29,-1
2012-12-22,1,1,12,12,0,6,0,1,0.3,0.2576,0.36,0.6567,146,-1
2012-12-22,1,1,12,15,0,6,0,1,0.32,0.2727,0.33,0.5821,153,-1
2012-12-26,1,1,12,11,0,3,1,3,0.2,0.1667,0.86,0.4627,10,-1
2012-12-26,1,1,12,22,0,3,1,3,0.24,0.197,0.93,0.4478,11,-1
2012-12-27,1,1,12,1,0,4,1,3,0.24,0.197,0.93,0.4478,5,-1
2012-12-27,1,1,12,2,0,4,1,2,0.24,0.197,0.87,0.4478,2,-1
2012-12-27,1,1,12,10,0,4,1,1,0.28,0.2273,0.56,0.5224,75,-1
2012-12-29,1,1,12,12,0,6,0,3,0.2,0.2424,1.0,0.0,48,-1
2012-12-29,1,1,12,13,0,6,0,3,0.2,0.2424,1.0,0.0,84,-1
2012-12-29,1,1,12,20,0,6,0,2,0.3,0.2424,0.56,0.5522,66,-1
2012-12-30,1,1,12,10,0,0,0,1,0.26,0.2121,0.41,0.5821,122,-1
2012-12-30,1,1,12,12,0,0,0,1,0.28,0.2273,0.36,0.5821,144,-1
2012-12-30,1,1,12,13,0,0,0,1,0.3,0.2576,0.36,0.6567,169,-1
